timestamp,duration_seconds,sell_threshold,pr_auc_threshold,prediction_threshold,n_offers_scored,n_will_sell,pct_will_sell,avg_sell_probability,champion_model,champion_run_id,champion_trained_on,status,failed_reason
2026-04-12 01:30:48,21.18,0.8,0.5,0.5,,,,,,,,failed,encoder.joblib not found in /work/M6_Project_Anti_Food_Waste/models — run preprocessing.py first
2026-04-12 01:37:22,29.68,0.8,0.5,0.5,,,,,,,,failed,1146 (42S02): Table 'food_waste.app' doesn't exist
2026-04-12 01:41:36,55.99,0.8,0.5,0.5,,,,,,,,failed,1146 (42S02): Table 'food_waste.app' doesn't exist
2026-04-12 01:47:18,36.31,0.8,0.5,0.5,400,95,0.2375,0.2371,lightgbm,,2026-04-12,success,
2026-04-12 02:08:02,27.9,0.8,0.5,0.5,400,98,0.245,0.2313,lightgbm,,2026-04-12,success,
2026-04-12 02:27:23,25.81,0.8,0.5,0.5,400,98,0.245,0.2313,lightgbm,,2026-04-12,success,
2026-04-12 16:38:07,34.35,0.8,0.5,0.5,,,,,,,,failed,1054 (42S22): Unknown column 'store_hours_today' in 'field list'
2026-04-12 16:40:30,30.57,0.8,0.5,0.5,427,113,0.2646,0.251,lightgbm,,2026-04-12,success,
2026-04-12 16:41:37,30.73,0.8,0.5,0.5,427,113,0.2646,0.251,lightgbm,,2026-04-12,success,
2026-04-12 17:25:12,26.41,0.8,0.5,0.5,436,113,0.2592,0.2518,lightgbm,,2026-04-12,success,
2026-04-12 18:17:04,31.34,0.8,0.5,0.5,436,117,0.2683,0.2506,lightgbm,,2026-04-12,success,
2026-04-12 18:32:04,25.61,0.8,0.5,0.5,436,120,0.2752,0.2561,lightgbm,,2026-04-12,success,
2026-04-12 18:47:04,27.3,0.8,0.5,0.5,445,121,0.2719,0.2553,lightgbm,,2026-04-12,success,
2026-04-12 19:02:04,25.44,0.8,0.5,0.5,445,130,0.2921,0.2772,lightgbm,,2026-04-12,success,
2026-04-12 19:17:04,26.59,0.8,0.5,0.5,438,129,0.2945,0.2791,lightgbm,,2026-04-12,success,
2026-04-12 19:32:04,24.55,0.8,0.5,0.5,438,129,0.2945,0.2801,lightgbm,,2026-04-12,success,
2026-04-12 19:47:04,26.92,0.8,0.5,0.5,421,126,0.2993,0.2806,lightgbm,,2026-04-12,success,
2026-04-12 20:02:04,25.23,0.8,0.5,0.5,421,125,0.2969,0.277,lightgbm,,2026-04-12,success,
2026-04-12 20:17:05,29.78,0.8,0.5,0.5,403,119,0.2953,0.2823,lightgbm,,2026-04-12,success,
2026-04-12 20:32:05,28.7,0.8,0.5,0.5,383,119,0.3107,0.2933,lightgbm,,2026-04-12,success,
2026-04-12 20:47:04,25.98,0.8,0.5,0.5,383,121,0.3159,0.2987,lightgbm,,2026-04-12,success,
2026-04-12 21:02:04,26.72,0.8,0.5,0.5,379,71,0.1873,0.2052,lightgbm,,2026-04-12,success,
2026-04-12 21:17:04,30.39,0.8,0.5,0.5,377,71,0.1883,0.2066,lightgbm,,2026-04-12,success,
2026-04-12 21:32:05,44.26,0.8,0.5,0.5,377,69,0.183,0.2038,lightgbm,,2026-04-12,success,
2026-04-12 21:47:05,37.84,0.8,0.5,0.5,,,,,,,,failed,1054 (42S22): Unknown column 'fetched_at' in 'field list'
2026-04-12 21:49:43,36.8,0.8,0.5,0.5,367,67,0.1826,0.2043,lightgbm,,2026-04-12,success,
2026-04-12 22:00:08,31.42,0.8,0.5,0.5,367,69,0.188,0.2079,lightgbm,,2026-04-12,success,
2026-04-12 22:15:07,26.84,0.8,0.5,0.5,363,68,0.1873,0.2089,lightgbm,,2026-04-12,success,
2026-04-12 22:30:08,26.91,0.8,0.5,0.5,364,68,0.1868,0.2106,lightgbm,,2026-04-12,success,
2026-04-12 22:45:07,29.56,0.8,0.5,0.5,364,70,0.1923,0.2143,lightgbm,,2026-04-12,success,
2026-04-12 23:00:07,27.41,0.8,0.5,0.5,356,61,0.1713,0.1843,lightgbm,,2026-04-12,success,
2026-04-12 23:15:07,28.67,0.8,0.5,0.5,356,61,0.1713,0.183,lightgbm,,2026-04-12,success,
2026-04-12 23:30:07,27.74,0.8,0.5,0.5,354,62,0.1751,0.1897,lightgbm,,2026-04-12,success,
2026-04-12 23:45:08,28.05,0.8,0.5,0.5,354,63,0.178,0.1894,lightgbm,,2026-04-12,success,
2026-04-13 00:00:07,27.85,0.8,0.5,0.5,354,95,0.2684,0.2761,lightgbm,,2026-04-12,success,
2026-04-13 06:00:09,48.86,0.8,0.5,0.5,308,84,0.2727,0.2857,lightgbm,,2026-04-12,success,
2026-04-13 06:15:07,28.38,0.8,0.5,0.5,308,84,0.2727,0.287,lightgbm,,2026-04-12,success,
2026-04-13 06:30:08,30.72,0.8,0.5,0.5,322,82,0.2547,0.2689,lightgbm,,2026-04-12,success,
2026-04-13 06:45:19,28.2,0.8,0.5,0.5,324,79,0.2438,0.2635,lightgbm,,2026-04-12,success,
2026-04-13 07:00:07,28.46,0.8,0.5,0.5,324,94,0.2901,0.2817,lightgbm,,2026-04-12,success,
2026-04-13 07:15:08,29.04,0.8,0.5,0.5,325,94,0.2892,0.2807,lightgbm,,2026-04-12,success,
2026-04-13 07:30:07,28.32,0.8,0.5,0.5,325,95,0.2923,0.2816,lightgbm,,2026-04-12,success,
2026-04-13 08:00:08,28.78,0.8,0.5,0.5,325,94,0.2892,0.2863,lightgbm,,2026-04-12,success,
2026-04-13 08:15:07,27.34,0.8,0.5,0.5,325,93,0.2862,0.2861,lightgbm,,2026-04-12,success,
2026-04-13 08:30:07,26.7,0.8,0.5,0.5,334,94,0.2814,0.2794,lightgbm,,2026-04-12,success,
2026-04-13 08:45:06,29.33,0.8,0.5,0.5,334,94,0.2814,0.2785,lightgbm,,2026-04-12,success,
2026-04-13 09:00:08,33.72,0.8,0.5,0.5,334,95,0.2844,0.2768,lightgbm,,2026-04-12,success,
2026-04-13 09:15:08,28.8,0.8,0.5,0.5,334,90,0.2695,0.27,lightgbm,,2026-04-12,success,
2026-04-13 09:30:08,29.98,0.8,0.5,0.5,359,94,0.2618,0.2608,lightgbm,,2026-04-12,success,
2026-04-13 09:45:07,31.07,0.8,0.5,0.5,359,94,0.2618,0.2601,lightgbm,,2026-04-12,success,
2026-04-13 10:00:26,28.96,0.8,0.5,0.5,386,119,0.3083,0.2983,lightgbm,,2026-04-12,success,
2026-04-13 10:15:07,29.03,0.8,0.5,0.5,386,118,0.3057,0.2973,lightgbm,,2026-04-12,success,
2026-04-13 10:30:08,29.63,0.8,0.5,0.5,394,120,0.3046,0.2908,lightgbm,,2026-04-12,success,
2026-04-13 10:45:07,30.17,0.8,0.5,0.5,394,121,0.3071,0.2928,lightgbm,,2026-04-12,success,
2026-04-13 11:00:08,29.68,0.8,0.5,0.5,427,122,0.2857,0.2728,lightgbm,,2026-04-12,success,
2026-04-13 11:15:08,29.76,0.8,0.5,0.5,427,126,0.2951,0.2764,lightgbm,,2026-04-12,success,
2026-04-13 11:30:23,30.84,0.8,0.5,0.5,451,130,0.2882,0.2688,lightgbm,,2026-04-12,success,
2026-04-13 11:45:08,31.86,0.8,0.5,0.5,451,124,0.2749,0.2617,lightgbm,,2026-04-12,success,
2026-04-13 12:00:08,30.19,0.8,0.5,0.5,464,123,0.2651,0.2495,lightgbm,,2026-04-12,success,
2026-04-13 12:15:09,29.96,0.8,0.5,0.5,467,120,0.257,0.2458,lightgbm,,2026-04-12,success,
2026-04-13 12:30:18,43.37,0.8,0.5,0.5,465,119,0.2559,0.2503,lightgbm,,2026-04-12,success,
2026-04-13 12:45:21,31.29,0.8,0.5,0.5,465,118,0.2538,0.2468,lightgbm,,2026-04-12,success,
2026-04-13 13:00:07,29.83,0.8,0.5,0.5,465,120,0.2581,0.2511,lightgbm,,2026-04-12,success,
2026-04-13 13:15:09,30.62,0.8,0.5,0.5,459,121,0.2636,0.2571,lightgbm,,2026-04-12,success,
2026-04-13 13:30:08,29.68,0.8,0.5,0.5,464,123,0.2651,0.2595,lightgbm,,2026-04-12,success,
2026-04-13 13:45:08,31.19,0.8,0.5,0.5,459,122,0.2658,0.264,lightgbm,,2026-04-12,success,
2026-04-13 14:00:08,28.99,0.8,0.5,0.5,459,126,0.2745,0.2762,lightgbm,,2026-04-12,success,
2026-04-13 14:15:08,29.23,0.8,0.5,0.5,458,126,0.2751,0.2768,lightgbm,,2026-04-12,success,
2026-04-13 14:30:07,30.45,0.8,0.5,0.5,458,126,0.2751,0.2797,lightgbm,,2026-04-12,success,
2026-04-13 14:45:08,29.53,0.8,0.5,0.5,448,129,0.2879,0.2871,lightgbm,,2026-04-12,success,
2026-04-13 15:00:08,29.24,0.8,0.5,0.5,448,136,0.3036,0.2974,lightgbm,,2026-04-12,success,
2026-04-13 15:15:07,41.4,0.8,0.5,0.5,446,138,0.3094,0.3023,lightgbm,,2026-04-12,success,
2026-04-13 15:30:07,37.56,0.8,0.5,0.5,446,140,0.3139,0.3042,lightgbm,,2026-04-12,success,
2026-04-13 15:45:08,29.59,0.8,0.5,0.5,441,139,0.3152,0.3036,lightgbm,,2026-04-12,success,
2026-04-13 16:00:07,29.34,0.8,0.5,0.5,441,141,0.3197,0.3091,lightgbm,,2026-04-12,success,
2026-04-13 16:15:09,28.37,0.8,0.5,0.5,452,143,0.3164,0.3041,lightgbm,,2026-04-12,success,
2026-04-13 16:30:09,30.59,0.8,0.5,0.5,452,143,0.3164,0.3051,lightgbm,,2026-04-12,success,
2026-04-13 16:45:08,32.89,0.8,0.5,0.5,457,149,0.326,0.3106,lightgbm,,2026-04-12,success,
2026-04-13 17:00:08,49.08,0.8,0.5,0.5,457,148,0.3239,0.3111,lightgbm,,2026-04-12,success,
2026-04-13 17:15:08,30.66,0.8,0.5,0.5,476,147,0.3088,0.3002,lightgbm,,2026-04-12,success,
2026-04-13 17:30:08,30.61,0.8,0.5,0.5,476,147,0.3088,0.3011,lightgbm,,2026-04-12,success,
2026-04-13 17:45:08,32.23,0.8,0.5,0.5,466,141,0.3026,0.2915,lightgbm,,2026-04-12,success,
2026-04-13 18:00:07,30.32,0.8,0.5,0.5,466,143,0.3069,0.2978,lightgbm,,2026-04-12,success,
2026-04-13 18:15:08,30.65,0.8,0.5,0.5,487,141,0.2895,0.2822,lightgbm,,2026-04-12,success,
2026-04-13 18:30:08,32.49,0.8,0.5,0.5,487,143,0.2936,0.2841,lightgbm,,2026-04-12,success,
2026-04-13 18:45:08,31.71,0.8,0.5,0.5,488,140,0.2869,0.2797,lightgbm,,2026-04-12,success,
2026-04-13 19:00:08,29.67,0.8,0.5,0.5,488,148,0.3033,0.2931,lightgbm,,2026-04-12,success,
2026-04-13 19:15:07,30.56,0.8,0.5,0.5,484,147,0.3037,0.2924,lightgbm,,2026-04-12,success,
2026-04-13 19:30:08,29.84,0.8,0.5,0.5,484,148,0.3058,0.2952,lightgbm,,2026-04-12,success,
2026-04-13 19:45:07,29.21,0.8,0.5,0.5,475,147,0.3095,0.2994,lightgbm,,2026-04-12,success,
2026-04-13 20:00:12,57.11,0.8,0.5,0.5,476,142,0.2983,0.2911,lightgbm,,2026-04-12,success,
2026-04-13 20:15:12,60.62,0.8,0.5,0.5,474,145,0.3059,0.2989,lightgbm,,2026-04-12,success,
2026-04-13 20:30:12,59.04,0.8,0.5,0.5,460,144,0.313,0.3043,lightgbm,,2026-04-12,success,
2026-04-13 20:45:13,61.09,0.8,0.5,0.5,459,143,0.3115,0.3076,lightgbm,,2026-04-12,success,
2026-04-13 21:00:16,61.94,0.8,0.5,0.5,456,116,0.2544,0.2591,lightgbm,,2026-04-12,success,
2026-04-13 21:15:12,53.25,0.8,0.5,0.5,456,117,0.2566,0.2613,lightgbm,,2026-04-12,success,
2026-04-13 21:30:12,53.45,0.8,0.5,0.5,451,116,0.2572,0.2581,lightgbm,,2026-04-12,success,
2026-04-13 21:45:13,64.53,0.8,0.5,0.5,448,116,0.2589,0.261,lightgbm,,2026-04-12,success,
2026-04-13 22:00:20,75.5,0.8,0.5,0.5,449,120,0.2673,0.2625,lightgbm,,2026-04-12,success,
2026-04-13 22:15:14,66.12,0.8,0.85,0.5,447,120,0.2685,0.2645,lightgbm,,2026-04-12,success,
2026-04-13 22:30:12,59.76,0.8,0.85,0.5,447,123,0.2752,0.2671,lightgbm,,2026-04-12,success,
2026-04-13 22:45:12,55.4,0.8,0.85,0.5,444,120,0.2703,0.2647,lightgbm,,2026-04-12,success,
2026-04-13 23:00:12,56.27,0.8,0.85,0.5,444,108,0.2432,0.2465,lightgbm,,2026-04-12,success,
2026-04-13 23:15:12,52.27,0.8,0.85,0.5,440,111,0.2523,0.2491,lightgbm,,2026-04-12,success,
2026-04-13 23:30:12,58.03,0.8,0.85,0.5,440,111,0.2523,0.2512,lightgbm,,2026-04-12,success,
2026-04-13 23:45:12,58.27,0.8,0.85,0.5,439,109,0.2483,0.2502,lightgbm,,2026-04-12,success,
2026-04-14 00:00:11,57.1,0.8,0.85,0.5,439,90,0.205,0.2039,lightgbm,,2026-04-12,success,
2026-04-14 06:00:08,27.7,0.8,0.85,0.5,396,79,0.1995,0.193,lightgbm,,2026-04-12,success,
2026-04-14 06:15:06,28.4,0.8,0.85,0.5,396,79,0.1995,0.193,lightgbm,,2026-04-12,success,
2026-04-14 06:30:07,28.24,0.8,0.85,0.5,396,78,0.197,0.192,lightgbm,,2026-04-12,success,
2026-04-14 06:45:07,28.53,0.8,0.85,0.5,398,78,0.196,0.1906,lightgbm,,2026-04-12,success,
2026-04-14 07:00:07,27.94,0.8,0.85,0.5,401,84,0.2095,0.199,lightgbm,,2026-04-12,success,
2026-04-14 07:15:07,29.75,0.8,0.85,0.5,401,83,0.207,0.1978,lightgbm,,2026-04-12,success,
2026-04-14 07:30:07,28.96,0.8,0.85,0.5,401,82,0.2045,0.1977,lightgbm,,2026-04-12,success,
2026-04-14 07:45:06,26.96,0.8,0.85,0.5,401,82,0.2045,0.1977,lightgbm,,2026-04-12,success,
2026-04-14 08:00:07,26.72,0.8,0.85,0.5,406,82,0.202,0.1941,lightgbm,,2026-04-12,success,
2026-04-14 08:15:07,41.32,0.8,0.85,0.5,406,81,0.1995,0.1945,lightgbm,,2026-04-12,success,
2026-04-14 08:30:08,32.33,0.8,0.85,0.5,406,81,0.1995,0.1944,lightgbm,,2026-04-12,success,
2026-04-14 08:45:07,30.66,0.8,0.85,0.5,418,81,0.1938,0.1886,lightgbm,,2026-04-12,success,
2026-04-14 09:00:08,31.67,0.8,0.85,0.5,417,77,0.1847,0.1822,lightgbm,,2026-04-12,success,
2026-04-14 09:15:07,29.19,0.8,0.85,0.5,417,76,0.1823,0.1831,lightgbm,,2026-04-12,success,
2026-04-14 09:30:07,37.39,0.8,0.85,0.5,427,76,0.178,0.1793,lightgbm,,2026-04-12,success,
2026-04-14 09:45:07,30.19,0.8,0.85,0.5,427,70,0.1639,0.1709,lightgbm,,2026-04-12,success,
2026-04-14 10:00:07,30.38,0.8,0.85,0.5,427,101,0.2365,0.2307,lightgbm,,2026-04-12,success,
2026-04-14 10:15:09,43.55,0.8,0.85,0.5,431,100,0.232,0.2252,lightgbm,,2026-04-12,success,
2026-04-14 10:30:09,38.47,0.8,0.85,0.5,457,103,0.2254,0.2156,lightgbm,,2026-04-12,success,
2026-04-14 10:45:31,42.12,0.8,0.85,0.5,457,99,0.2166,0.2115,lightgbm,,2026-04-12,success,
2026-04-14 11:00:08,36.81,0.8,0.85,0.5,457,101,0.221,0.2115,lightgbm,,2026-04-12,success,
2026-04-14 11:15:16,88.11,0.8,0.85,0.5,457,100,0.2188,0.2065,lightgbm,,2026-04-12,success,
2026-04-14 11:30:08,40.06,0.8,0.85,0.5,457,97,0.2123,0.2049,lightgbm,,2026-04-12,success,
2026-04-14 11:45:09,39.05,0.8,0.85,0.5,457,97,0.2123,0.2036,lightgbm,,2026-04-12,success,
2026-04-14 12:00:15,39.43,0.8,0.85,0.5,456,98,0.2149,0.2046,lightgbm,,2026-04-12,success,
2026-04-14 12:15:09,46.36,0.8,0.85,0.5,459,93,0.2026,0.2006,lightgbm,,2026-04-12,success,
2026-04-14 12:30:09,41.89,0.8,0.85,0.5,459,90,0.1961,0.1971,lightgbm,,2026-04-12,success,
2026-04-14 12:45:10,41.99,0.8,0.85,0.5,452,87,0.1925,0.1999,lightgbm,,2026-04-12,success,
2026-04-14 13:00:10,42.96,0.8,0.85,0.5,452,89,0.1969,0.2,lightgbm,,2026-04-12,success,
2026-04-14 13:15:09,40.02,0.8,0.85,0.5,452,91,0.2013,0.2029,lightgbm,,2026-04-12,success,
2026-04-14 13:30:18,48.32,0.8,0.85,0.5,449,95,0.2116,0.21,lightgbm,,2026-04-12,success,
2026-04-14 14:56:54,33.59,0.8,0.85,0.5,434,124,0.2857,0.2707,lightgbm,,2026-04-14,success,
2026-04-14 15:30:07,27.94,0.8,0.85,0.5,428,133,0.3107,0.2899,lightgbm,,2026-04-14,success,
2026-04-14 15:45:06,29.46,0.8,0.85,0.5,428,137,0.3201,0.2937,lightgbm,,2026-04-14,success,
2026-04-14 16:00:10,32.15,0.8,0.85,0.5,443,134,0.3025,0.2846,lightgbm,,2026-04-14,success,
2026-04-14 16:15:07,27.23,0.8,0.85,0.5,443,135,0.3047,0.2872,lightgbm,,2026-04-14,success,
2026-04-14 16:30:17,28.61,0.8,0.85,0.5,449,134,0.2984,0.2805,lightgbm,,2026-04-14,success,
2026-04-14 16:45:07,27.61,0.8,0.85,0.5,448,132,0.2946,0.2772,lightgbm,,2026-04-14,success,
2026-04-14 17:00:07,28.17,0.8,0.85,0.5,448,135,0.3013,0.2829,lightgbm,,2026-04-14,success,
2026-04-14 17:15:06,28.15,0.8,0.85,0.5,453,134,0.2958,0.2773,lightgbm,,2026-04-14,success,
2026-04-14 17:30:06,28.23,0.8,0.85,0.5,466,133,0.2854,0.27,lightgbm,,2026-04-14,success,
2026-04-14 17:45:07,28.51,0.8,0.85,0.5,447,133,0.2975,0.2795,lightgbm,,2026-04-14,success,
2026-04-14 18:00:06,28.88,0.8,0.85,0.5,447,132,0.2953,0.2819,lightgbm,,2026-04-14,success,
2026-04-14 18:15:07,27.82,0.8,0.85,0.5,434,129,0.2972,0.2805,lightgbm,,2026-04-14,success,
2026-04-14 18:30:25,34.63,0.8,0.85,0.5,432,124,0.287,0.2758,lightgbm,,2026-04-14,success,
2026-04-14 18:45:06,29.71,0.8,0.85,0.5,432,124,0.287,0.2748,lightgbm,,2026-04-14,success,
2026-04-14 19:00:06,26.59,0.8,0.85,0.5,430,127,0.2953,0.2812,lightgbm,,2026-04-14,success,
2026-04-14 19:15:06,27.77,0.8,0.85,0.5,430,126,0.293,0.2797,lightgbm,,2026-04-14,success,
2026-04-14 19:30:06,26.65,0.8,0.85,0.5,431,121,0.2807,0.272,lightgbm,,2026-04-14,success,
2026-04-14 19:45:06,26.63,0.8,0.85,0.5,431,124,0.2877,0.2756,lightgbm,,2026-04-14,success,
2026-04-14 20:00:29,26.47,0.8,0.85,0.5,437,128,0.2929,0.281,lightgbm,,2026-04-14,success,
2026-04-14 20:15:09,26.56,0.8,0.85,0.5,437,131,0.2998,0.2863,lightgbm,,2026-04-14,success,
2026-04-14 20:30:14,26.89,0.8,0.85,0.5,442,137,0.31,0.2947,lightgbm,,2026-04-14,success,
2026-04-14 20:45:06,26.57,0.8,0.85,0.5,442,138,0.3122,0.2964,lightgbm,,2026-04-14,success,
2026-04-14 21:00:08,28.7,0.8,0.85,0.5,432,129,0.2986,0.2836,lightgbm,,2026-04-14,success,
2026-04-14 21:15:06,26.78,0.8,0.85,0.5,432,128,0.2963,0.2857,lightgbm,,2026-04-14,success,
2026-04-14 21:30:07,26.48,0.8,0.85,0.5,422,130,0.3081,0.2888,lightgbm,,2026-04-14,success,
2026-04-14 21:45:06,27.05,0.8,0.85,0.5,422,132,0.3128,0.2914,lightgbm,,2026-04-14,success,
2026-04-14 22:00:06,26.4,0.8,0.85,0.5,415,134,0.3229,0.2967,lightgbm,,2026-04-14,success,
2026-04-14 22:15:06,26.49,0.8,0.85,0.5,414,137,0.3309,0.3003,lightgbm,,2026-04-14,success,
2026-04-14 22:30:07,27.34,0.8,0.85,0.5,411,138,0.3358,0.3043,lightgbm,,2026-04-14,success,
2026-04-14 22:45:07,27.15,0.8,0.85,0.5,411,137,0.3333,0.3026,lightgbm,,2026-04-14,success,
2026-04-14 23:00:06,27.87,0.8,0.85,0.5,410,129,0.3146,0.2948,lightgbm,,2026-04-14,success,
2026-04-14 23:15:06,31.66,0.8,0.85,0.5,403,129,0.3201,0.3017,lightgbm,,2026-04-14,success,
2026-04-14 23:30:06,26.16,0.8,0.85,0.5,402,130,0.3234,0.3045,lightgbm,,2026-04-14,success,
2026-04-14 23:45:07,30.66,0.8,0.85,0.5,402,130,0.3234,0.3046,lightgbm,,2026-04-14,success,
2026-04-15 00:00:07,31.84,0.8,0.85,0.5,399,111,0.2782,0.2696,lightgbm,,2026-04-14,success,
2026-04-15 06:00:09,28.68,0.8,0.85,0.5,360,49,0.1361,0.1522,lightgbm,,2026-04-15,success,
2026-04-15 06:15:07,28.68,0.8,0.85,0.5,360,50,0.1389,0.1525,lightgbm,,2026-04-15,success,
2026-04-15 06:30:07,27.13,0.8,0.85,0.5,380,52,0.1368,0.1454,lightgbm,,2026-04-15,success,
2026-04-15 06:45:06,28.9,0.8,0.85,0.5,380,51,0.1342,0.146,lightgbm,,2026-04-15,success,
2026-04-15 07:00:06,28.11,0.8,0.85,0.5,380,61,0.1605,0.1665,lightgbm,,2026-04-15,success,
2026-04-15 07:15:07,26.91,0.8,0.85,0.5,384,60,0.1562,0.1645,lightgbm,,2026-04-15,success,
2026-04-15 07:30:06,27.06,0.8,0.85,0.5,384,61,0.1589,0.1646,lightgbm,,2026-04-15,success,
2026-04-15 07:45:07,26.62,0.8,0.85,0.5,408,61,0.1495,0.1544,lightgbm,,2026-04-15,success,
2026-04-15 08:00:12,68.86,0.8,0.85,0.5,413,69,0.1671,0.1686,lightgbm,,2026-04-15,success,
2026-04-15 08:15:11,69.89,0.8,0.85,0.5,413,69,0.1671,0.1691,lightgbm,,2026-04-15,success,
2026-04-15 08:30:11,40.72,0.8,0.85,0.5,429,68,0.1585,0.1629,lightgbm,,2026-04-15,success,
2026-04-15 08:45:07,38.66,0.8,0.85,0.5,429,67,0.1562,0.1615,lightgbm,,2026-04-15,success,
2026-04-15 09:00:08,36.42,0.8,0.85,0.5,433,78,0.1801,0.1776,lightgbm,,2026-04-15,success,
2026-04-15 09:15:07,32.67,0.8,0.85,0.5,433,79,0.1824,0.1826,lightgbm,,2026-04-15,success,
2026-04-15 09:30:07,37.0,0.8,0.85,0.5,431,75,0.174,0.1805,lightgbm,,2026-04-15,success,
2026-04-15 09:45:07,34.28,0.8,0.85,0.5,435,76,0.1747,0.1831,lightgbm,,2026-04-15,success,
2026-04-15 10:00:07,31.32,0.8,0.85,0.5,435,81,0.1862,0.1878,lightgbm,,2026-04-15,success,
2026-04-15 10:15:08,33.65,0.8,0.85,0.5,432,82,0.1898,0.1907,lightgbm,,2026-04-15,success,
2026-04-15 10:30:07,35.28,0.8,0.85,0.5,432,82,0.1898,0.1896,lightgbm,,2026-04-15,success,
2026-04-15 10:45:25,31.76,0.8,0.85,0.5,445,83,0.1865,0.1813,lightgbm,,2026-04-15,success,
2026-04-15 11:00:07,32.93,0.8,0.85,0.5,445,84,0.1888,0.1854,lightgbm,,2026-04-15,success,
2026-04-15 11:15:07,31.09,0.8,0.85,0.5,442,84,0.19,0.185,lightgbm,,2026-04-15,success,
2026-04-15 11:30:07,33.79,0.8,0.85,0.5,427,82,0.192,0.1879,lightgbm,,2026-04-15,success,
2026-04-15 11:45:07,32.74,0.8,0.85,0.5,427,84,0.1967,0.1901,lightgbm,,2026-04-15,success,
2026-04-15 12:00:07,32.2,0.8,0.85,0.5,441,84,0.1905,0.1864,lightgbm,,2026-04-15,success,
2026-04-15 12:15:07,31.8,0.8,0.85,0.5,437,86,0.1968,0.1917,lightgbm,,2026-04-15,success,
2026-04-15 12:30:09,32.28,0.8,0.85,0.5,437,87,0.1991,0.1929,lightgbm,,2026-04-15,success,
2026-04-15 12:45:07,50.07,0.8,0.85,0.5,438,87,0.1986,0.1905,lightgbm,,2026-04-15,success,
2026-04-15 13:00:07,32.07,0.8,0.85,0.5,437,87,0.1991,0.1914,lightgbm,,2026-04-15,success,
2026-04-15 13:15:12,34.05,0.8,0.85,0.5,451,86,0.1907,0.1845,lightgbm,,2026-04-15,success,
2026-04-15 13:30:12,32.33,0.8,0.85,0.5,447,87,0.1946,0.1881,lightgbm,,2026-04-15,success,
2026-04-15 13:45:18,30.49,0.8,0.85,0.5,437,89,0.2037,0.1966,lightgbm,,2026-04-15,success,
2026-04-15 14:00:09,32.82,0.8,0.85,0.5,437,90,0.2059,0.2055,lightgbm,,2026-04-15,success,
2026-04-15 14:15:06,31.61,0.8,0.85,0.5,433,92,0.2125,0.2108,lightgbm,,2026-04-15,success,
2026-04-15 14:30:07,35.18,0.8,0.85,0.5,438,93,0.2123,0.2092,lightgbm,,2026-04-15,success,
2026-04-15 14:45:10,34.28,0.8,0.85,0.5,437,94,0.2151,0.2163,lightgbm,37fa11df86474c9da8ef1e2c745910e4,2026-04-15,success,
2026-04-15 15:00:12,36.89,0.8,0.85,0.5,434,97,0.2235,0.2234,lightgbm,37fa11df86474c9da8ef1e2c745910e4,2026-04-15,success,
2026-04-15 15:15:15,35.35,0.8,0.85,0.5,434,95,0.2189,0.2229,lightgbm,37fa11df86474c9da8ef1e2c745910e4,2026-04-15,success,
2026-04-15 15:30:12,30.1,0.8,0.85,0.5,436,98,0.2248,0.2244,lightgbm,37fa11df86474c9da8ef1e2c745910e4,2026-04-15,success,
2026-04-15 15:45:06,29.64,0.8,0.85,0.5,436,98,0.2248,0.225,lightgbm,37fa11df86474c9da8ef1e2c745910e4,2026-04-15,success,
2026-04-15 16:00:10,31.46,0.8,0.85,0.5,426,96,0.2254,0.2217,lightgbm,37fa11df86474c9da8ef1e2c745910e4,2026-04-15,success,
2026-04-15 16:15:11,32.86,0.8,0.85,0.5,427,95,0.2225,0.2228,lightgbm,37fa11df86474c9da8ef1e2c745910e4,2026-04-15,success,
2026-04-15 16:30:07,32.22,0.8,0.85,0.5,427,95,0.2225,0.2242,lightgbm,37fa11df86474c9da8ef1e2c745910e4,2026-04-15,success,
2026-04-15 16:45:10,34.05,0.8,0.85,0.5,419,95,0.2267,0.2275,lightgbm,37fa11df86474c9da8ef1e2c745910e4,2026-04-15,success,
2026-04-15 17:00:10,31.07,0.8,0.85,0.5,419,86,0.2053,0.2137,lightgbm,37fa11df86474c9da8ef1e2c745910e4,2026-04-15,success,
2026-04-15 17:15:07,30.64,0.8,0.85,0.5,444,85,0.1914,0.1973,lightgbm,37fa11df86474c9da8ef1e2c745910e4,2026-04-15,success,
2026-04-15 17:30:06,40.44,0.8,0.85,0.5,444,86,0.1937,0.1971,lightgbm,37fa11df86474c9da8ef1e2c745910e4,2026-04-15,success,
2026-04-15 17:45:06,29.59,0.8,0.85,0.5,444,84,0.1892,0.1975,lightgbm,37fa11df86474c9da8ef1e2c745910e4,2026-04-15,success,
2026-04-15 18:00:06,29.96,0.8,0.85,0.5,433,83,0.1917,0.2023,lightgbm,37fa11df86474c9da8ef1e2c745910e4,2026-04-15,success,
2026-04-15 18:15:07,28.75,0.8,0.85,0.5,431,80,0.1856,0.1963,lightgbm,37fa11df86474c9da8ef1e2c745910e4,2026-04-15,success,
2026-04-15 18:30:06,29.27,0.8,0.85,0.5,431,89,0.2065,0.2036,lightgbm,37fa11df86474c9da8ef1e2c745910e4,2026-04-15,success,
2026-04-15 18:45:06,29.56,0.8,0.85,0.5,455,85,0.1868,0.1906,lightgbm,37fa11df86474c9da8ef1e2c745910e4,2026-04-15,success,
2026-04-15 19:00:06,29.79,0.8,0.85,0.5,459,93,0.2026,0.2033,lightgbm,37fa11df86474c9da8ef1e2c745910e4,2026-04-15,success,
2026-04-15 19:15:07,30.05,0.8,0.85,0.5,455,92,0.2022,0.2043,lightgbm,37fa11df86474c9da8ef1e2c745910e4,2026-04-15,success,
2026-04-15 19:30:06,29.31,0.8,0.85,0.5,455,93,0.2044,0.2052,lightgbm,37fa11df86474c9da8ef1e2c745910e4,2026-04-15,success,
2026-04-15 19:45:07,29.38,0.8,0.85,0.5,454,93,0.2048,0.2037,lightgbm,37fa11df86474c9da8ef1e2c745910e4,2026-04-15,success,
2026-04-15 20:00:06,32.04,0.8,0.85,0.5,454,85,0.1872,0.2006,lightgbm,37fa11df86474c9da8ef1e2c745910e4,2026-04-15,success,
2026-04-15 20:15:06,29.94,0.8,0.85,0.5,451,87,0.1929,0.2004,lightgbm,37fa11df86474c9da8ef1e2c745910e4,2026-04-15,success,
2026-04-15 20:30:06,29.03,0.8,0.85,0.5,447,88,0.1969,0.2067,lightgbm,37fa11df86474c9da8ef1e2c745910e4,2026-04-15,success,
2026-04-15 20:45:06,27.99,0.8,0.85,0.5,447,90,0.2013,0.2095,lightgbm,37fa11df86474c9da8ef1e2c745910e4,2026-04-15,success,
2026-04-15 21:00:06,34.58,0.8,0.85,0.5,444,71,0.1599,0.1735,lightgbm,37fa11df86474c9da8ef1e2c745910e4,2026-04-15,success,
2026-04-15 21:15:06,27.99,0.8,0.85,0.5,432,78,0.1806,0.1872,lightgbm,37fa11df86474c9da8ef1e2c745910e4,2026-04-15,success,
2026-04-15 21:30:06,28.16,0.8,0.85,0.5,432,77,0.1782,0.1869,lightgbm,37fa11df86474c9da8ef1e2c745910e4,2026-04-15,success,
2026-04-15 21:45:06,28.62,0.8,0.85,0.5,431,75,0.174,0.1886,lightgbm,37fa11df86474c9da8ef1e2c745910e4,2026-04-15,success,
2026-04-15 22:00:06,29.34,0.8,0.85,0.5,420,73,0.1738,0.1873,lightgbm,37fa11df86474c9da8ef1e2c745910e4,2026-04-15,success,
2026-04-15 22:15:06,28.36,0.8,0.85,0.5,420,74,0.1762,0.1873,lightgbm,37fa11df86474c9da8ef1e2c745910e4,2026-04-15,success,
2026-04-15 22:30:06,28.0,0.8,0.85,0.5,419,78,0.1862,0.1898,lightgbm,37fa11df86474c9da8ef1e2c745910e4,2026-04-15,success,
2026-04-15 22:45:06,34.94,0.8,0.85,0.5,414,76,0.1836,0.19,lightgbm,37fa11df86474c9da8ef1e2c745910e4,2026-04-15,success,
2026-04-15 23:00:06,28.15,0.8,0.85,0.5,414,64,0.1546,0.1717,lightgbm,37fa11df86474c9da8ef1e2c745910e4,2026-04-15,success,
2026-04-15 23:15:06,27.97,0.8,0.85,0.5,411,66,0.1606,0.1752,lightgbm,37fa11df86474c9da8ef1e2c745910e4,2026-04-15,success,
2026-04-15 23:30:06,27.89,0.8,0.85,0.5,411,67,0.163,0.1759,lightgbm,37fa11df86474c9da8ef1e2c745910e4,2026-04-15,success,
2026-04-15 23:45:06,29.25,0.8,0.85,0.5,410,67,0.1634,0.177,lightgbm,37fa11df86474c9da8ef1e2c745910e4,2026-04-15,success,
2026-04-16 00:00:06,27.99,0.8,0.85,0.5,408,36,0.0882,0.1252,lightgbm,37fa11df86474c9da8ef1e2c745910e4,2026-04-15,success,
2026-04-16 06:00:08,27.95,0.8,0.85,0.5,377,7,0.0186,0.0457,lightgbm,da449403875f40bf9383c5d45d1db60f,2026-04-16,success,
2026-04-16 06:15:06,28.23,0.8,0.85,0.5,377,7,0.0186,0.0466,lightgbm,da449403875f40bf9383c5d45d1db60f,2026-04-16,success,
2026-04-16 06:30:07,27.79,0.8,0.85,0.5,393,7,0.0178,0.0448,lightgbm,da449403875f40bf9383c5d45d1db60f,2026-04-16,success,
2026-04-16 06:45:06,28.21,0.8,0.85,0.5,393,7,0.0178,0.045,lightgbm,da449403875f40bf9383c5d45d1db60f,2026-04-16,success,
2026-04-16 07:00:06,28.65,0.8,0.85,0.5,393,12,0.0305,0.0545,lightgbm,da449403875f40bf9383c5d45d1db60f,2026-04-16,success,
2026-04-16 07:15:06,27.72,0.8,0.85,0.5,396,10,0.0253,0.0514,lightgbm,da449403875f40bf9383c5d45d1db60f,2026-04-16,success,
2026-04-16 07:30:06,28.21,0.8,0.85,0.5,401,8,0.02,0.05,lightgbm,da449403875f40bf9383c5d45d1db60f,2026-04-16,success,
2026-04-16 07:45:07,35.31,0.8,0.85,0.5,418,6,0.0144,0.0467,lightgbm,da449403875f40bf9383c5d45d1db60f,2026-04-16,success,
2026-04-16 08:00:06,28.16,0.8,0.85,0.5,418,10,0.0239,0.0495,lightgbm,da449403875f40bf9383c5d45d1db60f,2026-04-16,success,
2026-04-16 08:15:10,42.52,0.8,0.85,0.5,454,10,0.022,0.0457,lightgbm,da449403875f40bf9383c5d45d1db60f,2026-04-16,success,
2026-04-16 08:30:08,39.63,0.8,0.85,0.5,452,11,0.0243,0.0461,lightgbm,da449403875f40bf9383c5d45d1db60f,2026-04-16,success,
2026-04-16 08:45:08,39.04,0.8,0.85,0.5,452,11,0.0243,0.0467,lightgbm,da449403875f40bf9383c5d45d1db60f,2026-04-16,success,
2026-04-16 09:00:08,43.39,0.8,0.85,0.5,478,25,0.0523,0.0643,lightgbm,da449403875f40bf9383c5d45d1db60f,2026-04-16,success,
2026-04-16 09:15:08,37.66,0.8,0.85,0.5,478,25,0.0523,0.0648,lightgbm,da449403875f40bf9383c5d45d1db60f,2026-04-16,success,
2026-04-16 09:30:08,40.11,0.8,0.85,0.5,478,24,0.0502,0.0636,lightgbm,da449403875f40bf9383c5d45d1db60f,2026-04-16,success,
2026-04-16 09:45:10,37.57,0.8,0.85,0.5,498,25,0.0502,0.0619,lightgbm,da449403875f40bf9383c5d45d1db60f,2026-04-16,success,
2026-04-16 10:00:08,39.84,0.8,0.85,0.5,498,34,0.0683,0.0764,lightgbm,da449403875f40bf9383c5d45d1db60f,2026-04-16,success,
2026-04-16 10:15:08,42.17,0.8,0.85,0.5,502,33,0.0657,0.0762,lightgbm,da449403875f40bf9383c5d45d1db60f,2026-04-16,success,
2026-04-16 10:30:08,43.67,0.8,0.85,0.5,502,34,0.0677,0.0773,lightgbm,da449403875f40bf9383c5d45d1db60f,2026-04-16,success,
2026-04-16 10:45:08,42.44,0.8,0.85,0.5,498,33,0.0663,0.0804,lightgbm,da449403875f40bf9383c5d45d1db60f,2026-04-16,success,
2026-04-16 11:00:08,40.87,0.8,0.85,0.5,498,35,0.0703,0.0827,lightgbm,da449403875f40bf9383c5d45d1db60f,2026-04-16,success,
2026-04-16 11:30:09,43.92,0.8,0.85,0.5,522,34,0.0651,0.0832,lightgbm,da449403875f40bf9383c5d45d1db60f,2026-04-16,success,
2026-04-16 11:45:14,39.96,0.8,0.85,0.5,549,35,0.0638,0.0833,lightgbm,da449403875f40bf9383c5d45d1db60f,2026-04-16,success,
2026-04-16 12:00:08,37.8,0.8,0.85,0.5,549,35,0.0638,0.0816,lightgbm,da449403875f40bf9383c5d45d1db60f,2026-04-16,success,
2026-04-16 12:15:25,38.59,0.8,0.85,0.5,563,35,0.0622,0.0779,lightgbm,da449403875f40bf9383c5d45d1db60f,2026-04-16,success,
2026-04-16 12:30:08,42.97,0.8,0.85,0.5,563,34,0.0604,0.0803,lightgbm,da449403875f40bf9383c5d45d1db60f,2026-04-16,success,
2026-04-16 12:45:28,42.97,0.8,0.85,0.5,581,34,0.0585,0.0782,lightgbm,da449403875f40bf9383c5d45d1db60f,2026-04-16,success,
2026-04-16 13:00:09,39.28,0.8,0.85,0.5,581,27,0.0465,0.0631,lightgbm,da449403875f40bf9383c5d45d1db60f,2026-04-16,success,
2026-04-16 13:15:09,38.16,0.8,0.85,0.5,604,28,0.0464,0.0614,lightgbm,da449403875f40bf9383c5d45d1db60f,2026-04-16,success,
2026-04-16 13:30:06,31.29,0.8,0.85,0.5,604,30,0.0497,0.0638,lightgbm,da449403875f40bf9383c5d45d1db60f,2026-04-16,success,
2026-04-16 13:45:06,32.12,0.8,0.85,0.5,601,34,0.0566,0.0687,lightgbm,da449403875f40bf9383c5d45d1db60f,2026-04-16,success,
2026-04-16 14:00:07,38.71,0.8,0.85,0.5,597,38,0.0637,0.079,lightgbm,da449403875f40bf9383c5d45d1db60f,2026-04-16,success,
2026-04-16 14:15:07,31.4,0.8,0.85,0.5,597,43,0.072,0.0895,lightgbm,da449403875f40bf9383c5d45d1db60f,2026-04-16,success,
2026-04-16 14:30:09,32.17,0.8,0.85,0.5,628,44,0.0701,0.0847,lightgbm,da449403875f40bf9383c5d45d1db60f,2026-04-16,success,
2026-04-20 10:15:07,29.02,0.8,0.85,0.5,461,2,0.0043,0.014,lightgbm,da449403875f40bf9383c5d45d1db60f,2026-04-16,success,
2026-04-20 10:30:06,27.33,0.8,0.85,0.5,461,2,0.0043,0.0147,lightgbm,da449403875f40bf9383c5d45d1db60f,2026-04-16,success,
2026-04-20 10:45:06,29.3,0.8,0.85,0.5,459,4,0.0087,0.0152,lightgbm,da449403875f40bf9383c5d45d1db60f,2026-04-16,success,
2026-04-20 11:00:07,30.16,0.8,0.85,0.5,460,5,0.0109,0.0156,lightgbm,da449403875f40bf9383c5d45d1db60f,2026-04-16,success,
2026-04-20 11:15:06,27.78,0.8,0.85,0.5,460,5,0.0109,0.0156,lightgbm,da449403875f40bf9383c5d45d1db60f,2026-04-16,success,
2026-04-20 11:30:07,30.57,0.8,0.85,0.5,465,5,0.0108,0.0155,lightgbm,da449403875f40bf9383c5d45d1db60f,2026-04-16,success,
2026-04-20 11:45:06,26.08,0.8,0.85,0.5,465,5,0.0108,0.0159,lightgbm,da449403875f40bf9383c5d45d1db60f,2026-04-16,success,
2026-04-20 12:00:07,26.43,0.8,0.85,0.5,474,5,0.0105,0.0156,lightgbm,da449403875f40bf9383c5d45d1db60f,2026-04-16,success,
2026-04-20 12:15:06,27.1,0.8,0.85,0.5,474,5,0.0105,0.0157,lightgbm,da449403875f40bf9383c5d45d1db60f,2026-04-16,success,
2026-04-20 12:30:06,29.81,0.8,0.85,0.5,494,5,0.0101,0.0161,lightgbm,da449403875f40bf9383c5d45d1db60f,2026-04-16,success,
2026-04-20 12:45:06,32.5,0.8,0.85,0.5,487,7,0.0144,0.0279,lightgbm,da449403875f40bf9383c5d45d1db60f,2026-04-16,success,
2026-04-20 13:00:06,28.52,0.8,0.85,0.5,487,8,0.0164,0.0252,lightgbm,da449403875f40bf9383c5d45d1db60f,2026-04-16,success,
2026-04-20 13:15:07,30.9,0.8,0.85,0.5,491,10,0.0204,0.0291,lightgbm,da449403875f40bf9383c5d45d1db60f,2026-04-16,success,
2026-04-20 13:30:07,31.33,0.8,0.85,0.5,491,8,0.0163,0.0286,lightgbm,da449403875f40bf9383c5d45d1db60f,2026-04-16,success,
2026-04-20 13:45:06,29.54,0.8,0.85,0.5,514,9,0.0175,0.0283,lightgbm,da449403875f40bf9383c5d45d1db60f,2026-04-16,success,
2026-04-20 14:00:07,28.41,0.8,0.85,0.5,513,12,0.0234,0.0334,lightgbm,da449403875f40bf9383c5d45d1db60f,2026-04-16,success,
2026-04-20 14:15:07,28.34,0.8,0.85,0.5,513,12,0.0234,0.0359,lightgbm,da449403875f40bf9383c5d45d1db60f,2026-04-16,success,
2026-04-20 14:30:06,30.3,0.8,0.85,0.5,519,12,0.0231,0.036,lightgbm,da449403875f40bf9383c5d45d1db60f,2026-04-16,success,
2026-04-20 14:45:07,30.19,0.8,0.85,0.5,519,12,0.0231,0.0354,lightgbm,da449403875f40bf9383c5d45d1db60f,2026-04-16,success,
2026-04-20 15:00:06,32.02,0.8,0.85,0.5,519,13,0.025,0.0395,lightgbm,da449403875f40bf9383c5d45d1db60f,2026-04-16,success,
2026-04-20 15:15:08,36.78,0.8,0.85,0.5,519,13,0.025,0.0388,lightgbm,da449403875f40bf9383c5d45d1db60f,2026-04-16,success,
2026-04-20 15:30:07,27.53,0.8,0.85,0.5,519,13,0.025,0.0393,lightgbm,da449403875f40bf9383c5d45d1db60f,2026-04-16,success,
2026-04-20 15:45:06,26.93,0.8,0.85,0.5,28,0,0.0,0.0079,lightgbm,da449403875f40bf9383c5d45d1db60f,2026-04-16,success,
2026-04-20 16:00:06,29.03,0.8,0.85,0.5,28,0,0.0,0.0368,lightgbm,da449403875f40bf9383c5d45d1db60f,2026-04-16,success,
2026-04-20 16:15:05,29.38,0.8,0.85,0.5,105,11,0.1048,0.1147,lightgbm,da449403875f40bf9383c5d45d1db60f,2026-04-16,success,
2026-04-20 16:30:05,32.54,0.8,0.85,0.5,105,11,0.1048,0.1168,lightgbm,da449403875f40bf9383c5d45d1db60f,2026-04-16,success,
2026-04-20 16:45:06,28.28,0.8,0.85,0.5,167,15,0.0898,0.101,lightgbm,da449403875f40bf9383c5d45d1db60f,2026-04-16,success,
2026-04-20 17:00:06,45.44,0.8,0.85,0.5,167,15,0.0898,0.0926,lightgbm,da449403875f40bf9383c5d45d1db60f,2026-04-16,success,
2026-04-20 17:15:06,26.6,0.8,0.85,0.5,450,19,0.0422,0.0592,lightgbm,da449403875f40bf9383c5d45d1db60f,2026-04-16,success,
2026-04-20 17:30:06,26.55,0.8,0.85,0.5,513,20,0.039,0.0547,lightgbm,da449403875f40bf9383c5d45d1db60f,2026-04-16,success,
2026-04-20 17:45:06,25.93,0.8,0.85,0.5,513,20,0.039,0.0549,lightgbm,da449403875f40bf9383c5d45d1db60f,2026-04-16,success,
2026-04-20 18:00:06,36.92,0.8,0.85,0.5,529,18,0.034,0.0484,lightgbm,da449403875f40bf9383c5d45d1db60f,2026-04-16,success,
2026-04-20 18:15:06,26.65,0.8,0.85,0.5,529,17,0.0321,0.0483,lightgbm,da449403875f40bf9383c5d45d1db60f,2026-04-16,success,
2026-04-20 18:30:06,27.93,0.8,0.85,0.5,532,16,0.0301,0.046,lightgbm,da449403875f40bf9383c5d45d1db60f,2026-04-16,success,
2026-04-20 18:45:07,28.27,0.8,0.85,0.5,533,18,0.0338,0.0453,lightgbm,da449403875f40bf9383c5d45d1db60f,2026-04-16,success,
2026-04-20 19:00:06,26.28,0.8,0.85,0.5,533,18,0.0338,0.0489,lightgbm,da449403875f40bf9383c5d45d1db60f,2026-04-16,success,
2026-04-20 19:15:06,28.94,0.8,0.85,0.5,516,19,0.0368,0.0507,lightgbm,da449403875f40bf9383c5d45d1db60f,2026-04-16,success,
2026-04-20 19:30:06,27.54,0.8,0.85,0.5,516,20,0.0388,0.0517,lightgbm,da449403875f40bf9383c5d45d1db60f,2026-04-16,success,
2026-04-20 19:45:06,26.56,0.8,0.85,0.5,513,20,0.039,0.0518,lightgbm,da449403875f40bf9383c5d45d1db60f,2026-04-16,success,
2026-04-20 20:00:06,35.36,0.8,0.85,0.5,513,22,0.0429,0.0522,lightgbm,da449403875f40bf9383c5d45d1db60f,2026-04-16,success,
2026-04-20 20:30:06,30.7,0.8,0.85,0.5,465,22,0.0473,0.0578,lightgbm,da449403875f40bf9383c5d45d1db60f,2026-04-16,success,
2026-04-20 20:45:06,27.0,0.8,0.85,0.5,465,22,0.0473,0.0579,lightgbm,da449403875f40bf9383c5d45d1db60f,2026-04-16,success,
2026-04-20 21:00:06,28.65,0.8,0.85,0.5,460,12,0.0261,0.0534,lightgbm,da449403875f40bf9383c5d45d1db60f,2026-04-16,success,
2026-04-20 21:15:05,36.95,0.8,0.85,0.5,460,17,0.037,0.0567,lightgbm,da449403875f40bf9383c5d45d1db60f,2026-04-16,success,
2026-04-20 21:30:07,28.59,0.8,0.85,0.5,444,16,0.036,0.0565,lightgbm,da449403875f40bf9383c5d45d1db60f,2026-04-16,success,
2026-04-20 21:45:06,31.34,0.8,0.85,0.5,444,16,0.036,0.0573,lightgbm,da449403875f40bf9383c5d45d1db60f,2026-04-16,success,
2026-04-20 22:00:06,32.04,0.8,0.85,0.5,438,16,0.0365,0.0591,lightgbm,da449403875f40bf9383c5d45d1db60f,2026-04-16,success,
2026-04-20 22:15:07,31.88,0.8,0.85,0.5,429,15,0.035,0.0575,lightgbm,da449403875f40bf9383c5d45d1db60f,2026-04-16,success,
2026-04-20 22:30:06,32.6,0.8,0.85,0.5,429,16,0.0373,0.0583,lightgbm,da449403875f40bf9383c5d45d1db60f,2026-04-16,success,
2026-04-20 22:45:06,27.1,0.8,0.85,0.5,423,16,0.0378,0.0587,lightgbm,da449403875f40bf9383c5d45d1db60f,2026-04-16,success,
2026-04-20 23:00:06,27.96,0.8,0.85,0.5,423,13,0.0307,0.046,lightgbm,da449403875f40bf9383c5d45d1db60f,2026-04-16,success,
2026-04-20 23:15:06,28.23,0.8,0.85,0.5,420,13,0.031,0.0482,lightgbm,da449403875f40bf9383c5d45d1db60f,2026-04-16,success,
2026-04-20 23:30:06,27.49,0.8,0.85,0.5,420,13,0.031,0.048,lightgbm,da449403875f40bf9383c5d45d1db60f,2026-04-16,success,
2026-04-20 23:45:06,28.62,0.8,0.85,0.5,416,13,0.0312,0.0482,lightgbm,da449403875f40bf9383c5d45d1db60f,2026-04-16,success,
2026-04-21 00:00:05,29.73,0.8,0.85,0.5,416,9,0.0216,0.0341,lightgbm,da449403875f40bf9383c5d45d1db60f,2026-04-16,success,
2026-04-21 06:00:07,27.49,0.8,0.85,0.5,368,7,0.019,0.0562,lightgbm,5684c3b96294422bba04d622e311621a,2026-04-21,success,
2026-04-21 06:15:06,35.22,0.8,0.85,0.5,368,7,0.019,0.0565,lightgbm,5684c3b96294422bba04d622e311621a,2026-04-21,success,
2026-04-21 06:30:16,27.48,0.8,0.85,0.5,410,7,0.0171,0.0511,lightgbm,5684c3b96294422bba04d622e311621a,2026-04-21,success,
2026-04-21 06:45:06,28.55,0.8,0.85,0.5,410,7,0.0171,0.0507,lightgbm,5684c3b96294422bba04d622e311621a,2026-04-21,success,
2026-04-21 07:00:06,28.06,0.8,0.85,0.5,415,15,0.0361,0.0595,lightgbm,5684c3b96294422bba04d622e311621a,2026-04-21,success,
2026-04-21 07:15:06,27.51,0.8,0.85,0.5,415,14,0.0337,0.0593,lightgbm,5684c3b96294422bba04d622e311621a,2026-04-21,success,
2026-04-21 07:30:06,35.4,0.8,0.85,0.5,414,15,0.0362,0.0592,lightgbm,5684c3b96294422bba04d622e311621a,2026-04-21,success,
2026-04-21 07:45:05,27.91,0.8,0.85,0.5,414,14,0.0338,0.0574,lightgbm,5684c3b96294422bba04d622e311621a,2026-04-21,success,
2026-04-21 08:15:20,35.74,0.8,0.85,0.5,431,17,0.0394,0.0559,lightgbm,5684c3b96294422bba04d622e311621a,2026-04-21,success,
2026-04-21 08:30:07,35.34,0.8,0.85,0.5,431,17,0.0394,0.0565,lightgbm,5684c3b96294422bba04d622e311621a,2026-04-21,success,
2026-04-21 09:00:07,30.6,0.8,0.85,0.5,452,16,0.0354,0.0614,lightgbm,5684c3b96294422bba04d622e311621a,2026-04-21,success,
2026-04-21 09:15:07,30.73,0.8,0.85,0.5,452,15,0.0332,0.0607,lightgbm,5684c3b96294422bba04d622e311621a,2026-04-21,success,
2026-04-21 09:30:07,29.31,0.8,0.85,0.5,452,16,0.0354,0.0608,lightgbm,5684c3b96294422bba04d622e311621a,2026-04-21,success,
2026-04-21 09:45:07,29.49,0.8,0.85,0.5,452,15,0.0332,0.0593,lightgbm,5684c3b96294422bba04d622e311621a,2026-04-21,success,
2026-04-21 10:00:06,29.89,0.8,0.85,0.5,452,16,0.0354,0.0645,lightgbm,5684c3b96294422bba04d622e311621a,2026-04-21,success,
2026-04-21 10:30:06,35.68,0.8,0.85,0.5,471,15,0.0318,0.0599,lightgbm,5684c3b96294422bba04d622e311621a,2026-04-21,success,
2026-04-21 10:45:06,29.92,0.8,0.85,0.5,471,14,0.0297,0.0563,lightgbm,5684c3b96294422bba04d622e311621a,2026-04-21,success,
2026-04-21 11:00:06,32.4,0.8,0.85,0.5,471,12,0.0255,0.0469,lightgbm,5684c3b96294422bba04d622e311621a,2026-04-21,success,
2026-04-21 11:15:07,29.53,0.8,0.85,0.5,468,12,0.0256,0.0466,lightgbm,5684c3b96294422bba04d622e311621a,2026-04-21,success,
2026-04-21 11:45:16,33.56,0.8,0.85,0.5,501,11,0.022,0.044,lightgbm,5684c3b96294422bba04d622e311621a,2026-04-21,success,
2026-04-21 12:00:07,31.18,0.8,0.85,0.5,501,10,0.02,0.0435,lightgbm,5684c3b96294422bba04d622e311621a,2026-04-21,success,
2026-04-21 12:15:06,37.84,0.8,0.85,0.5,512,10,0.0195,0.0451,lightgbm,5684c3b96294422bba04d622e311621a,2026-04-21,success,
2026-04-21 12:30:07,31.81,0.8,0.85,0.5,506,9,0.0178,0.0432,lightgbm,5684c3b96294422bba04d622e311621a,2026-04-21,success,
2026-04-21 12:45:07,30.24,0.8,0.85,0.5,506,12,0.0237,0.0464,lightgbm,5684c3b96294422bba04d622e311621a,2026-04-21,success,
2026-04-21 13:00:06,31.05,0.8,0.85,0.5,506,14,0.0277,0.0433,lightgbm,5684c3b96294422bba04d622e311621a,2026-04-21,success,
2026-04-21 13:15:07,31.75,0.8,0.85,0.5,506,13,0.0257,0.0473,lightgbm,5684c3b96294422bba04d622e311621a,2026-04-21,success,
2026-04-21 13:30:06,30.33,0.8,0.85,0.5,506,14,0.0277,0.0469,lightgbm,5684c3b96294422bba04d622e311621a,2026-04-21,success,
2026-04-21 13:45:07,39.28,0.8,0.85,0.5,506,14,0.0277,0.0478,lightgbm,5684c3b96294422bba04d622e311621a,2026-04-21,success,
2026-04-21 14:00:06,30.05,0.8,0.85,0.5,506,15,0.0296,0.0505,lightgbm,5684c3b96294422bba04d622e311621a,2026-04-21,success,
2026-04-21 14:15:06,38.88,0.8,0.85,0.5,506,21,0.0415,0.0649,lightgbm,5684c3b96294422bba04d622e311621a,2026-04-21,success,
2026-04-21 14:30:07,30.67,0.8,0.85,0.5,500,22,0.044,0.0697,lightgbm,5684c3b96294422bba04d622e311621a,2026-04-21,success,
2026-04-21 14:45:07,30.46,0.8,0.85,0.5,500,25,0.05,0.0746,lightgbm,5684c3b96294422bba04d622e311621a,2026-04-21,success,
2026-04-21 15:00:07,32.45,0.8,0.85,0.5,475,33,0.0695,0.0955,lightgbm,5684c3b96294422bba04d622e311621a,2026-04-21,success,
2026-04-21 15:15:06,31.55,0.8,0.85,0.5,478,44,0.0921,0.1096,lightgbm,5684c3b96294422bba04d622e311621a,2026-04-21,success,
2026-04-21 15:30:06,28.72,0.8,0.85,0.5,478,40,0.0837,0.1069,lightgbm,5684c3b96294422bba04d622e311621a,2026-04-21,success,
2026-04-21 15:45:06,33.38,0.8,0.85,0.5,478,42,0.0879,0.1099,lightgbm,5684c3b96294422bba04d622e311621a,2026-04-21,success,
2026-04-21 16:00:08,37.55,0.8,0.85,0.5,478,42,0.0879,0.1169,lightgbm,5684c3b96294422bba04d622e311621a,2026-04-21,success,
2026-04-21 16:15:06,28.47,0.8,0.85,0.5,478,45,0.0941,0.1195,lightgbm,5684c3b96294422bba04d622e311621a,2026-04-21,success,
2026-04-21 16:30:06,30.14,0.8,0.85,0.5,474,47,0.0992,0.1239,lightgbm,5684c3b96294422bba04d622e311621a,2026-04-21,success,
2026-04-21 16:45:07,28.78,0.8,0.85,0.5,474,46,0.097,0.1255,lightgbm,5684c3b96294422bba04d622e311621a,2026-04-21,success,
2026-04-21 17:00:06,32.25,0.8,0.85,0.5,474,33,0.0696,0.1067,lightgbm,5684c3b96294422bba04d622e311621a,2026-04-21,success,
2026-04-21 17:15:06,30.43,0.8,0.85,0.5,480,34,0.0708,0.1089,lightgbm,5684c3b96294422bba04d622e311621a,2026-04-21,success,
2026-04-21 17:45:06,30.5,0.8,0.85,0.5,475,38,0.08,0.1192,lightgbm,5684c3b96294422bba04d622e311621a,2026-04-21,success,
2026-04-21 18:00:07,30.34,0.8,0.85,0.5,473,36,0.0761,0.1208,lightgbm,5684c3b96294422bba04d622e311621a,2026-04-21,success,
2026-04-21 18:15:07,36.89,0.8,0.85,0.5,473,38,0.0803,0.1204,lightgbm,5684c3b96294422bba04d622e311621a,2026-04-21,success,
2026-04-21 18:30:06,30.6,0.8,0.85,0.5,472,37,0.0784,0.1206,lightgbm,5684c3b96294422bba04d622e311621a,2026-04-21,success,
2026-04-21 18:45:06,32.28,0.8,0.85,0.5,472,38,0.0805,0.122,lightgbm,5684c3b96294422bba04d622e311621a,2026-04-21,success,
2026-04-21 19:00:06,31.01,0.8,0.85,0.5,468,37,0.0791,0.1195,lightgbm,5684c3b96294422bba04d622e311621a,2026-04-21,success,
2026-04-21 19:15:07,31.21,0.8,0.85,0.5,468,37,0.0791,0.1193,lightgbm,5684c3b96294422bba04d622e311621a,2026-04-21,success,
2026-04-21 19:30:06,33.33,0.8,0.85,0.5,468,32,0.0684,0.1086,lightgbm,5684c3b96294422bba04d622e311621a,2026-04-21,success,
2026-04-21 19:45:07,29.97,0.8,0.85,0.5,498,32,0.0643,0.1012,lightgbm,5684c3b96294422bba04d622e311621a,2026-04-21,success,
2026-04-21 20:00:06,33.37,0.8,0.85,0.5,498,34,0.0683,0.1041,lightgbm,5684c3b96294422bba04d622e311621a,2026-04-21,success,
2026-04-21 20:15:07,30.9,0.8,0.85,0.5,473,32,0.0677,0.1074,lightgbm,5684c3b96294422bba04d622e311621a,2026-04-21,success,
2026-04-21 20:30:06,31.78,0.8,0.85,0.5,473,36,0.0761,0.1135,lightgbm,5684c3b96294422bba04d622e311621a,2026-04-21,success,
2026-04-21 20:45:06,32.09,0.8,0.85,0.5,470,36,0.0766,0.1151,lightgbm,5684c3b96294422bba04d622e311621a,2026-04-21,success,
2026-04-21 21:00:07,31.58,0.8,0.85,0.5,467,34,0.0728,0.101,lightgbm,5684c3b96294422bba04d622e311621a,2026-04-21,success,
2026-04-21 21:15:06,31.48,0.8,0.85,0.5,467,33,0.0707,0.0997,lightgbm,5684c3b96294422bba04d622e311621a,2026-04-21,success,
2026-04-21 21:30:06,46.5,0.8,0.85,0.5,450,34,0.0756,0.1019,lightgbm,5684c3b96294422bba04d622e311621a,2026-04-21,success,
2026-04-21 21:45:06,31.2,0.8,0.85,0.5,450,37,0.0822,0.1058,lightgbm,5684c3b96294422bba04d622e311621a,2026-04-21,success,
2026-04-21 22:00:06,28.37,0.8,0.85,0.5,445,37,0.0831,0.1081,lightgbm,5684c3b96294422bba04d622e311621a,2026-04-21,success,
2026-04-21 22:15:06,27.9,0.8,0.85,0.5,444,39,0.0878,0.1091,lightgbm,5684c3b96294422bba04d622e311621a,2026-04-21,success,
2026-04-21 22:30:05,29.82,0.8,0.85,0.5,444,40,0.0901,0.1096,lightgbm,5684c3b96294422bba04d622e311621a,2026-04-21,success,
2026-04-21 22:45:06,29.8,0.8,0.85,0.5,436,38,0.0872,0.1117,lightgbm,5684c3b96294422bba04d622e311621a,2026-04-21,success,
2026-04-21 23:00:06,48.62,0.8,0.85,0.5,436,20,0.0459,0.0829,lightgbm,5684c3b96294422bba04d622e311621a,2026-04-21,success,
2026-04-21 23:15:06,28.28,0.8,0.85,0.5,427,21,0.0492,0.083,lightgbm,5684c3b96294422bba04d622e311621a,2026-04-21,success,
2026-04-21 23:30:06,37.09,0.8,0.85,0.5,425,20,0.0471,0.0823,lightgbm,5684c3b96294422bba04d622e311621a,2026-04-21,success,
2026-04-21 23:45:06,38.25,0.8,0.85,0.5,425,20,0.0471,0.0825,lightgbm,5684c3b96294422bba04d622e311621a,2026-04-21,success,
2026-04-22 00:00:06,31.47,0.8,0.85,0.5,424,15,0.0354,0.0616,lightgbm,5684c3b96294422bba04d622e311621a,2026-04-21,success,
2026-04-22 06:00:08,33.32,0.8,0.85,0.5,401,10,0.0249,0.0402,lightgbm,c58f46eaa0db4029a43ae73d51f00622,2026-04-22,success,
2026-04-22 06:15:06,29.63,0.8,0.85,0.5,401,11,0.0274,0.0407,lightgbm,c58f46eaa0db4029a43ae73d51f00622,2026-04-22,success,
2026-04-22 06:30:06,29.79,0.8,0.85,0.5,406,12,0.0296,0.0421,lightgbm,c58f46eaa0db4029a43ae73d51f00622,2026-04-22,success,
2026-04-22 06:45:06,47.4,0.8,0.85,0.5,406,12,0.0296,0.0424,lightgbm,c58f46eaa0db4029a43ae73d51f00622,2026-04-22,success,
2026-04-22 07:00:06,38.14,0.8,0.85,0.5,417,13,0.0312,0.0453,lightgbm,c58f46eaa0db4029a43ae73d51f00622,2026-04-22,success,
2026-04-22 07:15:08,31.61,0.8,0.85,0.5,417,13,0.0312,0.0458,lightgbm,c58f46eaa0db4029a43ae73d51f00622,2026-04-22,success,
2026-04-22 07:30:06,29.44,0.8,0.85,0.5,417,14,0.0336,0.0459,lightgbm,c58f46eaa0db4029a43ae73d51f00622,2026-04-22,success,
2026-04-22 07:45:06,29.46,0.8,0.85,0.5,411,14,0.0341,0.0467,lightgbm,c58f46eaa0db4029a43ae73d51f00622,2026-04-22,success,
2026-04-22 08:00:06,32.05,0.8,0.85,0.5,411,16,0.0389,0.054,lightgbm,c58f46eaa0db4029a43ae73d51f00622,2026-04-22,success,
2026-04-22 08:30:06,30.41,0.8,0.85,0.5,413,17,0.0412,0.0538,lightgbm,c58f46eaa0db4029a43ae73d51f00622,2026-04-22,success,
2026-04-22 08:45:15,30.09,0.8,0.85,0.5,412,17,0.0413,0.0542,lightgbm,c58f46eaa0db4029a43ae73d51f00622,2026-04-22,success,
2026-04-22 09:00:06,30.36,0.8,0.85,0.5,412,19,0.0461,0.0694,lightgbm,c58f46eaa0db4029a43ae73d51f00622,2026-04-22,success,
2026-04-22 09:15:15,49.4,0.8,0.85,0.5,409,19,0.0465,0.0698,lightgbm,c58f46eaa0db4029a43ae73d51f00622,2026-04-22,success,
2026-04-22 09:30:08,41.49,0.8,0.85,0.5,409,19,0.0465,0.0705,lightgbm,c58f46eaa0db4029a43ae73d51f00622,2026-04-22,success,
2026-04-22 09:45:08,50.23,0.8,0.85,0.5,413,19,0.046,0.0709,lightgbm,c58f46eaa0db4029a43ae73d51f00622,2026-04-22,success,
2026-04-22 10:00:12,43.9,0.8,0.85,0.5,419,24,0.0573,0.0764,lightgbm,c58f46eaa0db4029a43ae73d51f00622,2026-04-22,success,
2026-04-22 10:15:08,41.98,0.8,0.85,0.5,437,23,0.0526,0.0733,lightgbm,c58f46eaa0db4029a43ae73d51f00622,2026-04-22,success,
2026-04-22 10:30:08,38.4,0.8,0.85,0.5,434,22,0.0507,0.0734,lightgbm,c58f46eaa0db4029a43ae73d51f00622,2026-04-22,success,
2026-04-22 10:45:08,50.72,0.8,0.85,0.5,434,23,0.053,0.0759,lightgbm,c58f46eaa0db4029a43ae73d51f00622,2026-04-22,success,
2026-04-22 11:00:08,44.54,0.8,0.85,0.5,444,25,0.0563,0.0763,lightgbm,c58f46eaa0db4029a43ae73d51f00622,2026-04-22,success,
2026-04-22 11:15:08,37.96,0.8,0.85,0.5,444,27,0.0608,0.081,lightgbm,c58f46eaa0db4029a43ae73d51f00622,2026-04-22,success,
2026-04-22 11:30:06,29.7,0.8,0.85,0.5,444,27,0.0608,0.082,lightgbm,c58f46eaa0db4029a43ae73d51f00622,2026-04-22,success,
2026-04-22 11:45:06,34.65,0.8,0.85,0.5,444,26,0.0586,0.0816,lightgbm,c58f46eaa0db4029a43ae73d51f00622,2026-04-22,success,
2026-04-22 12:00:06,30.19,0.8,0.85,0.5,444,24,0.0541,0.0764,lightgbm,c58f46eaa0db4029a43ae73d51f00622,2026-04-22,success,
2026-04-22 12:15:07,38.06,0.8,0.85,0.5,444,24,0.0541,0.0764,lightgbm,c58f46eaa0db4029a43ae73d51f00622,2026-04-22,success,
2026-04-22 12:30:06,34.55,0.8,0.85,0.5,444,24,0.0541,0.0782,lightgbm,c58f46eaa0db4029a43ae73d51f00622,2026-04-22,success,
2026-04-22 12:45:06,31.24,0.8,0.85,0.5,444,26,0.0586,0.0813,lightgbm,c58f46eaa0db4029a43ae73d51f00622,2026-04-22,success,
2026-04-22 13:00:07,35.59,0.8,0.85,0.5,450,19,0.0422,0.0711,lightgbm,c58f46eaa0db4029a43ae73d51f00622,2026-04-22,success,
2026-04-22 13:15:06,36.39,0.8,0.85,0.5,450,20,0.0444,0.0745,lightgbm,c58f46eaa0db4029a43ae73d51f00622,2026-04-22,success,
2026-04-22 13:30:07,36.19,0.8,0.85,0.5,467,19,0.0407,0.0686,lightgbm,c58f46eaa0db4029a43ae73d51f00622,2026-04-22,success,
2026-04-22 13:45:05,32.72,0.8,0.85,0.5,467,20,0.0428,0.0696,lightgbm,c58f46eaa0db4029a43ae73d51f00622,2026-04-22,success,
2026-04-22 14:00:06,34.75,0.8,0.85,0.5,488,26,0.0533,0.0747,lightgbm,c58f46eaa0db4029a43ae73d51f00622,2026-04-22,success,
2026-04-22 14:15:06,31.88,0.8,0.85,0.5,488,27,0.0553,0.0751,lightgbm,c58f46eaa0db4029a43ae73d51f00622,2026-04-22,success,
2026-04-22 14:30:07,32.1,0.8,0.85,0.5,482,26,0.0539,0.0759,lightgbm,c58f46eaa0db4029a43ae73d51f00622,2026-04-22,success,
2026-04-22 14:45:07,37.89,0.8,0.85,0.5,482,28,0.0581,0.0787,lightgbm,c58f46eaa0db4029a43ae73d51f00622,2026-04-22,success,
2026-04-22 15:15:08,40.49,0.8,0.85,0.5,482,43,0.0892,0.0993,lightgbm,c58f46eaa0db4029a43ae73d51f00622,2026-04-22,success,
2026-04-22 15:30:06,39.78,0.8,0.85,0.5,482,42,0.0871,0.0994,lightgbm,c58f46eaa0db4029a43ae73d51f00622,2026-04-22,success,
2026-04-22 15:45:06,34.15,0.8,0.85,0.5,468,38,0.0812,0.0987,lightgbm,c58f46eaa0db4029a43ae73d51f00622,2026-04-22,success,
2026-04-22 16:00:06,41.86,0.8,0.85,0.5,476,41,0.0861,0.0996,lightgbm,c58f46eaa0db4029a43ae73d51f00622,2026-04-22,success,
2026-04-22 16:15:08,34.52,0.8,0.85,0.5,490,41,0.0837,0.1007,lightgbm,c58f46eaa0db4029a43ae73d51f00622,2026-04-22,success,
2026-04-22 16:30:06,53.57,0.8,0.85,0.5,490,41,0.0837,0.1006,lightgbm,c58f46eaa0db4029a43ae73d51f00622,2026-04-22,success,
2026-04-22 16:45:06,32.25,0.8,0.85,0.5,497,39,0.0785,0.0961,lightgbm,c58f46eaa0db4029a43ae73d51f00622,2026-04-22,success,
2026-04-22 17:00:07,31.3,0.8,0.85,0.5,515,42,0.0816,0.0957,lightgbm,c58f46eaa0db4029a43ae73d51f00622,2026-04-22,success,
2026-04-22 17:15:06,31.33,0.8,0.85,0.5,515,47,0.0913,0.0982,lightgbm,c58f46eaa0db4029a43ae73d51f00622,2026-04-22,success,
2026-04-22 17:30:06,31.73,0.8,0.85,0.5,518,43,0.083,0.0951,lightgbm,c58f46eaa0db4029a43ae73d51f00622,2026-04-22,success,
2026-04-22 17:45:06,31.04,0.8,0.85,0.5,517,44,0.0851,0.0962,lightgbm,c58f46eaa0db4029a43ae73d51f00622,2026-04-22,success,
2026-04-22 18:00:05,32.84,0.8,0.85,0.5,517,37,0.0716,0.0895,lightgbm,c58f46eaa0db4029a43ae73d51f00622,2026-04-22,success,
2026-04-22 18:15:06,30.61,0.8,0.85,0.5,540,37,0.0685,0.0877,lightgbm,c58f46eaa0db4029a43ae73d51f00622,2026-04-22,success,
2026-04-22 18:30:06,52.96,0.8,0.85,0.5,540,38,0.0704,0.0875,lightgbm,c58f46eaa0db4029a43ae73d51f00622,2026-04-22,success,
2026-04-22 18:45:07,45.4,0.8,0.85,0.5,546,34,0.0623,0.0828,lightgbm,c58f46eaa0db4029a43ae73d51f00622,2026-04-22,success,
2026-04-22 19:00:06,32.41,0.8,0.85,0.5,546,35,0.0641,0.0879,lightgbm,c58f46eaa0db4029a43ae73d51f00622,2026-04-22,success,
2026-04-22 19:15:07,33.39,0.8,0.85,0.5,546,35,0.0641,0.0875,lightgbm,c58f46eaa0db4029a43ae73d51f00622,2026-04-22,success,
2026-04-22 19:30:07,30.02,0.8,0.85,0.5,546,34,0.0623,0.091,lightgbm,c58f46eaa0db4029a43ae73d51f00622,2026-04-22,success,
2026-04-22 19:45:06,30.85,0.8,0.85,0.5,539,34,0.0631,0.0934,lightgbm,c58f46eaa0db4029a43ae73d51f00622,2026-04-22,success,
2026-04-22 20:00:07,41.92,0.8,0.85,0.5,531,32,0.0603,0.0946,lightgbm,c58f46eaa0db4029a43ae73d51f00622,2026-04-22,success,
2026-04-22 20:15:07,32.78,0.8,0.85,0.5,531,31,0.0584,0.0932,lightgbm,c58f46eaa0db4029a43ae73d51f00622,2026-04-22,success,
2026-04-22 20:30:07,30.16,0.8,0.85,0.5,531,32,0.0603,0.0952,lightgbm,c58f46eaa0db4029a43ae73d51f00622,2026-04-22,success,
2026-04-22 20:45:23,30.99,0.8,0.85,0.5,518,32,0.0618,0.0956,lightgbm,c58f46eaa0db4029a43ae73d51f00622,2026-04-22,success,
2026-04-22 21:00:06,31.99,0.8,0.85,0.5,518,31,0.0598,0.094,lightgbm,c58f46eaa0db4029a43ae73d51f00622,2026-04-22,success,
2026-04-22 21:30:07,31.1,0.8,0.85,0.5,500,36,0.072,0.0994,lightgbm,c58f46eaa0db4029a43ae73d51f00622,2026-04-22,success,
2026-04-22 21:45:06,30.11,0.8,0.85,0.5,500,36,0.072,0.1,lightgbm,c58f46eaa0db4029a43ae73d51f00622,2026-04-22,success,
2026-04-22 22:00:06,30.23,0.8,0.85,0.5,491,38,0.0774,0.104,lightgbm,c58f46eaa0db4029a43ae73d51f00622,2026-04-22,success,
2026-04-22 22:15:16,41.63,0.8,0.85,0.5,489,39,0.0798,0.107,lightgbm,c58f46eaa0db4029a43ae73d51f00622,2026-04-22,success,
2026-04-22 22:30:06,36.86,0.8,0.85,0.5,489,38,0.0777,0.1075,lightgbm,c58f46eaa0db4029a43ae73d51f00622,2026-04-22,success,
2026-04-22 22:45:06,30.26,0.8,0.85,0.5,482,42,0.0871,0.1133,lightgbm,c58f46eaa0db4029a43ae73d51f00622,2026-04-22,success,
2026-04-22 23:00:07,32.24,0.8,0.85,0.5,482,22,0.0456,0.0842,lightgbm,c58f46eaa0db4029a43ae73d51f00622,2026-04-22,success,
2026-04-22 23:15:06,32.04,0.8,0.85,0.5,482,22,0.0456,0.0837,lightgbm,c58f46eaa0db4029a43ae73d51f00622,2026-04-22,success,
2026-04-22 23:30:16,31.87,0.8,0.85,0.5,471,26,0.0552,0.0851,lightgbm,c58f46eaa0db4029a43ae73d51f00622,2026-04-22,success,
2026-04-22 23:45:06,30.43,0.8,0.85,0.5,471,30,0.0637,0.0904,lightgbm,c58f46eaa0db4029a43ae73d51f00622,2026-04-22,success,
2026-04-23 00:00:06,31.55,0.8,0.85,0.5,467,10,0.0214,0.0505,lightgbm,c58f46eaa0db4029a43ae73d51f00622,2026-04-22,success,
2026-04-23 06:00:07,31.54,0.8,0.85,0.5,426,6,0.0141,0.0459,lightgbm,c58f46eaa0db4029a43ae73d51f00622,2026-04-22,success,
2026-04-23 06:15:06,31.63,0.8,0.85,0.5,426,8,0.0188,0.047,lightgbm,c58f46eaa0db4029a43ae73d51f00622,2026-04-22,success,
2026-04-23 06:30:06,30.43,0.8,0.85,0.5,435,8,0.0184,0.0475,lightgbm,c58f46eaa0db4029a43ae73d51f00622,2026-04-22,success,
2026-04-23 06:45:06,32.71,0.8,0.85,0.5,435,8,0.0184,0.0478,lightgbm,c58f46eaa0db4029a43ae73d51f00622,2026-04-22,success,
2026-04-23 07:00:06,30.37,0.8,0.85,0.5,435,16,0.0368,0.0565,lightgbm,c58f46eaa0db4029a43ae73d51f00622,2026-04-22,success,
2026-04-23 07:15:07,31.02,0.8,0.85,0.5,438,16,0.0365,0.0563,lightgbm,c58f46eaa0db4029a43ae73d51f00622,2026-04-22,success,
2026-04-23 07:30:05,30.92,0.8,0.85,0.5,438,15,0.0342,0.0561,lightgbm,c58f46eaa0db4029a43ae73d51f00622,2026-04-22,success,
2026-04-23 07:45:06,31.48,0.8,0.85,0.5,438,17,0.0388,0.0565,lightgbm,c58f46eaa0db4029a43ae73d51f00622,2026-04-22,success,
2026-04-23 08:00:06,36.61,0.8,0.85,0.5,438,15,0.0342,0.0629,lightgbm,c58f46eaa0db4029a43ae73d51f00622,2026-04-22,success,
2026-04-23 08:15:07,34.17,0.8,0.85,0.5,450,14,0.0311,0.0612,lightgbm,c58f46eaa0db4029a43ae73d51f00622,2026-04-22,success,
2026-04-23 08:30:06,41.75,0.8,0.85,0.5,450,15,0.0333,0.062,lightgbm,c58f46eaa0db4029a43ae73d51f00622,2026-04-22,success,
2026-04-23 08:45:06,34.92,0.8,0.85,0.5,479,17,0.0355,0.0597,lightgbm,c58f46eaa0db4029a43ae73d51f00622,2026-04-22,success,
2026-04-23 09:00:06,32.61,0.8,0.85,0.5,479,25,0.0522,0.0769,lightgbm,c58f46eaa0db4029a43ae73d51f00622,2026-04-22,success,
2026-04-23 09:15:07,33.03,0.8,0.85,0.5,504,26,0.0516,0.075,lightgbm,c58f46eaa0db4029a43ae73d51f00622,2026-04-22,success,
2026-04-23 09:30:06,33.01,0.8,0.85,0.5,504,26,0.0516,0.0742,lightgbm,c58f46eaa0db4029a43ae73d51f00622,2026-04-22,success,
2026-04-23 09:45:06,35.72,0.8,0.85,0.5,503,26,0.0517,0.074,lightgbm,c58f46eaa0db4029a43ae73d51f00622,2026-04-22,success,
2026-04-23 10:00:06,44.25,0.8,0.85,0.5,503,34,0.0676,0.0854,lightgbm,c58f46eaa0db4029a43ae73d51f00622,2026-04-22,success,
2026-04-23 10:15:07,37.62,0.8,0.85,0.5,569,32,0.0562,0.068,lightgbm,c58f46eaa0db4029a43ae73d51f00622,2026-04-22,success,
2026-04-23 10:30:06,36.18,0.8,0.85,0.5,569,32,0.0562,0.0675,lightgbm,c58f46eaa0db4029a43ae73d51f00622,2026-04-22,success,
2026-04-23 10:45:08,40.78,0.8,0.85,0.5,571,31,0.0543,0.0677,lightgbm,c58f46eaa0db4029a43ae73d51f00622,2026-04-22,success,
2026-04-23 11:00:08,40.23,0.8,0.85,0.5,571,31,0.0543,0.0693,lightgbm,c58f46eaa0db4029a43ae73d51f00622,2026-04-22,success,
2026-04-23 11:15:08,39.84,0.8,0.85,0.5,571,32,0.056,0.0691,lightgbm,c58f46eaa0db4029a43ae73d51f00622,2026-04-22,success,
2026-04-23 11:30:08,37.24,0.8,0.85,0.5,571,33,0.0578,0.0699,lightgbm,c58f46eaa0db4029a43ae73d51f00622,2026-04-22,success,
2026-04-23 11:45:08,41.55,0.8,0.85,0.5,571,33,0.0578,0.0705,lightgbm,c58f46eaa0db4029a43ae73d51f00622,2026-04-22,success,
2026-04-23 12:00:09,42.75,0.8,0.85,0.5,566,33,0.0583,0.0711,lightgbm,c58f46eaa0db4029a43ae73d51f00622,2026-04-22,success,
2026-04-23 12:15:08,41.42,0.8,0.85,0.5,566,35,0.0618,0.0748,lightgbm,c58f46eaa0db4029a43ae73d51f00622,2026-04-22,success,
2026-04-23 12:30:07,46.86,0.8,0.85,0.5,580,33,0.0569,0.0702,lightgbm,c58f46eaa0db4029a43ae73d51f00622,2026-04-22,success,
2026-04-23 12:45:09,37.57,0.8,0.85,0.5,591,33,0.0558,0.0689,lightgbm,c58f46eaa0db4029a43ae73d51f00622,2026-04-22,success,
2026-04-23 13:00:07,44.89,0.8,0.85,0.5,591,29,0.0491,0.0607,lightgbm,c58f46eaa0db4029a43ae73d51f00622,2026-04-22,success,
2026-04-23 13:15:07,37.56,0.8,0.85,0.5,599,29,0.0484,0.0602,lightgbm,c58f46eaa0db4029a43ae73d51f00622,2026-04-22,success,
2026-04-23 13:30:08,37.1,0.8,0.85,0.5,580,30,0.0517,0.063,lightgbm,c58f46eaa0db4029a43ae73d51f00622,2026-04-22,success,
2026-04-23 13:45:09,37.01,0.8,0.85,0.5,580,29,0.05,0.0643,lightgbm,c58f46eaa0db4029a43ae73d51f00622,2026-04-22,success,
2026-04-23 14:00:07,36.83,0.8,0.85,0.5,580,32,0.0552,0.0721,lightgbm,c58f46eaa0db4029a43ae73d51f00622,2026-04-22,success,
2026-04-23 14:15:07,48.71,0.8,0.85,0.5,574,32,0.0557,0.0739,lightgbm,c58f46eaa0db4029a43ae73d51f00622,2026-04-22,success,
2026-04-23 14:30:09,46.52,0.8,0.85,0.5,580,32,0.0552,0.0711,lightgbm,c58f46eaa0db4029a43ae73d51f00622,2026-04-22,success,
2026-04-23 14:45:09,51.29,0.8,0.85,0.5,580,32,0.0552,0.0713,lightgbm,c58f46eaa0db4029a43ae73d51f00622,2026-04-22,success,
2026-04-23 15:00:06,35.29,0.8,0.85,0.5,582,54,0.0928,0.1036,lightgbm,c58f46eaa0db4029a43ae73d51f00622,2026-04-22,success,
2026-04-23 15:15:06,34.97,0.8,0.85,0.5,582,54,0.0928,0.1054,lightgbm,c58f46eaa0db4029a43ae73d51f00622,2026-04-22,success,
2026-04-23 15:30:06,33.82,0.8,0.85,0.5,580,55,0.0948,0.1071,lightgbm,c58f46eaa0db4029a43ae73d51f00622,2026-04-22,success,
2026-04-23 15:45:07,35.29,0.8,0.85,0.5,578,51,0.0882,0.1052,lightgbm,c58f46eaa0db4029a43ae73d51f00622,2026-04-22,success,
2026-04-23 16:00:07,38.3,0.8,0.85,0.5,578,61,0.1055,0.1178,lightgbm,c58f46eaa0db4029a43ae73d51f00622,2026-04-22,success,
2026-04-23 16:15:07,37.01,0.8,0.85,0.5,573,60,0.1047,0.1162,lightgbm,c58f46eaa0db4029a43ae73d51f00622,2026-04-22,success,
2026-04-23 16:30:08,39.98,0.8,0.85,0.5,573,60,0.1047,0.1166,lightgbm,c58f46eaa0db4029a43ae73d51f00622,2026-04-22,success,
2026-04-23 16:45:07,38.33,0.8,0.85,0.5,569,57,0.1002,0.1161,lightgbm,c58f46eaa0db4029a43ae73d51f00622,2026-04-22,success,
2026-04-23 17:00:07,34.81,0.8,0.85,0.5,569,57,0.1002,0.1128,lightgbm,c58f46eaa0db4029a43ae73d51f00622,2026-04-22,success,
2026-04-23 17:15:07,39.64,0.8,0.85,0.5,580,56,0.0966,0.1113,lightgbm,c58f46eaa0db4029a43ae73d51f00622,2026-04-22,success,
2026-04-23 17:30:07,37.64,0.8,0.85,0.5,580,57,0.0983,0.1144,lightgbm,c58f46eaa0db4029a43ae73d51f00622,2026-04-22,success,
2026-04-23 17:45:07,34.65,0.8,0.85,0.5,608,57,0.0938,0.1076,lightgbm,c58f46eaa0db4029a43ae73d51f00622,2026-04-22,success,
2026-04-23 18:00:07,38.24,0.8,0.85,0.5,608,54,0.0888,0.1042,lightgbm,c58f46eaa0db4029a43ae73d51f00622,2026-04-22,success,
2026-04-23 18:15:07,37.34,0.8,0.85,0.5,611,61,0.0998,0.1135,lightgbm,c58f46eaa0db4029a43ae73d51f00622,2026-04-22,success,
2026-04-23 18:30:07,40.11,0.8,0.85,0.5,582,58,0.0997,0.1165,lightgbm,c58f46eaa0db4029a43ae73d51f00622,2026-04-22,success,
2026-04-23 18:45:06,37.33,0.8,0.85,0.5,582,56,0.0962,0.1166,lightgbm,c58f46eaa0db4029a43ae73d51f00622,2026-04-22,success,
2026-04-23 19:00:07,35.46,0.8,0.85,0.5,582,63,0.1082,0.1252,lightgbm,c58f46eaa0db4029a43ae73d51f00622,2026-04-22,success,
2026-04-23 19:15:07,39.25,0.8,0.85,0.5,583,60,0.1029,0.1259,lightgbm,c58f46eaa0db4029a43ae73d51f00622,2026-04-22,success,
2026-04-23 19:30:07,34.69,0.8,0.85,0.5,583,62,0.1063,0.1283,lightgbm,c58f46eaa0db4029a43ae73d51f00622,2026-04-22,success,
2026-04-23 19:45:07,39.33,0.8,0.85,0.5,578,63,0.109,0.1291,lightgbm,c58f46eaa0db4029a43ae73d51f00622,2026-04-22,success,
2026-04-23 20:00:06,35.16,0.8,0.85,0.5,578,58,0.1003,0.1199,lightgbm,c58f46eaa0db4029a43ae73d51f00622,2026-04-22,success,
2026-04-23 20:15:07,43.99,0.8,0.85,0.5,575,65,0.113,0.1251,lightgbm,c58f46eaa0db4029a43ae73d51f00622,2026-04-22,success,
2026-04-23 20:30:06,34.07,0.8,0.85,0.5,575,65,0.113,0.1266,lightgbm,c58f46eaa0db4029a43ae73d51f00622,2026-04-22,success,
2026-04-23 20:45:07,33.34,0.8,0.85,0.5,553,67,0.1212,0.1311,lightgbm,c58f46eaa0db4029a43ae73d51f00622,2026-04-22,success,
2026-04-23 21:00:07,34.48,0.8,0.85,0.5,554,55,0.0993,0.1181,lightgbm,c58f46eaa0db4029a43ae73d51f00622,2026-04-22,success,
2026-04-23 21:15:06,33.41,0.8,0.85,0.5,554,59,0.1065,0.1202,lightgbm,c58f46eaa0db4029a43ae73d51f00622,2026-04-22,success,
2026-04-23 21:30:06,33.92,0.8,0.85,0.5,553,57,0.1031,0.1172,lightgbm,c58f46eaa0db4029a43ae73d51f00622,2026-04-22,success,
2026-04-23 21:45:07,44.01,0.8,0.85,0.5,535,55,0.1028,0.1191,lightgbm,c58f46eaa0db4029a43ae73d51f00622,2026-04-22,success,
2026-04-23 22:00:07,35.96,0.8,0.85,0.5,535,55,0.1028,0.1202,lightgbm,c58f46eaa0db4029a43ae73d51f00622,2026-04-22,success,
2026-04-23 22:15:06,34.85,0.8,0.85,0.5,532,52,0.0977,0.1172,lightgbm,c58f46eaa0db4029a43ae73d51f00622,2026-04-22,success,
2026-04-23 22:30:06,34.59,0.8,0.85,0.5,541,50,0.0924,0.1126,lightgbm,c58f46eaa0db4029a43ae73d51f00622,2026-04-22,success,
2026-04-23 22:45:07,33.9,0.8,0.85,0.5,540,50,0.0926,0.112,lightgbm,c58f46eaa0db4029a43ae73d51f00622,2026-04-22,success,
2026-04-23 23:00:07,36.93,0.8,0.85,0.5,540,34,0.063,0.0817,lightgbm,c58f46eaa0db4029a43ae73d51f00622,2026-04-22,success,
2026-04-23 23:15:07,45.41,0.8,0.85,0.5,540,34,0.063,0.0811,lightgbm,c58f46eaa0db4029a43ae73d51f00622,2026-04-22,success,
2026-04-23 23:30:06,39.08,0.8,0.85,0.5,531,33,0.0621,0.0808,lightgbm,c58f46eaa0db4029a43ae73d51f00622,2026-04-22,success,
2026-04-23 23:45:07,34.65,0.8,0.85,0.5,530,32,0.0604,0.0814,lightgbm,c58f46eaa0db4029a43ae73d51f00622,2026-04-22,success,
2026-04-24 00:00:06,35.62,0.8,0.85,0.5,530,26,0.0491,0.06,lightgbm,c58f46eaa0db4029a43ae73d51f00622,2026-04-22,success,
2026-04-24 06:00:08,42.74,0.8,0.85,0.5,499,16,0.0321,0.0518,lightgbm,c58f46eaa0db4029a43ae73d51f00622,2026-04-22,success,
2026-04-24 06:15:07,44.36,0.8,0.85,0.5,499,16,0.0321,0.052,lightgbm,c58f46eaa0db4029a43ae73d51f00622,2026-04-22,success,
2026-04-24 06:30:07,34.39,0.8,0.85,0.5,508,16,0.0315,0.0504,lightgbm,c58f46eaa0db4029a43ae73d51f00622,2026-04-22,success,
2026-04-24 06:45:06,34.39,0.8,0.85,0.5,508,16,0.0315,0.0502,lightgbm,c58f46eaa0db4029a43ae73d51f00622,2026-04-22,success,
2026-04-24 07:15:06,36.01,0.8,0.85,0.5,510,19,0.0373,0.0581,lightgbm,c58f46eaa0db4029a43ae73d51f00622,2026-04-22,success,
2026-04-24 07:30:06,36.36,0.8,0.85,0.5,510,19,0.0373,0.0577,lightgbm,c58f46eaa0db4029a43ae73d51f00622,2026-04-22,success,
2026-04-24 07:45:06,33.1,0.8,0.85,0.5,518,18,0.0347,0.055,lightgbm,c58f46eaa0db4029a43ae73d51f00622,2026-04-22,success,
2026-04-24 08:00:05,34.41,0.8,0.85,0.5,518,22,0.0425,0.0638,lightgbm,c58f46eaa0db4029a43ae73d51f00622,2026-04-22,success,
2026-04-24 08:15:06,32.28,0.8,0.85,0.5,528,23,0.0436,0.0639,lightgbm,c58f46eaa0db4029a43ae73d51f00622,2026-04-22,success,
2026-04-24 08:30:07,35.74,0.8,0.85,0.5,528,23,0.0436,0.0637,lightgbm,c58f46eaa0db4029a43ae73d51f00622,2026-04-22,success,
2026-04-24 08:45:08,33.46,0.8,0.85,0.5,560,23,0.0411,0.0602,lightgbm,c58f46eaa0db4029a43ae73d51f00622,2026-04-22,success,
2026-04-24 09:00:07,34.59,0.8,0.85,0.5,560,33,0.0589,0.0761,lightgbm,c58f46eaa0db4029a43ae73d51f00622,2026-04-22,success,
2026-04-24 09:15:07,33.93,0.8,0.85,0.5,581,32,0.0551,0.0738,lightgbm,c58f46eaa0db4029a43ae73d51f00622,2026-04-22,success,
2026-04-24 09:30:06,36.05,0.8,0.85,0.5,581,33,0.0568,0.0745,lightgbm,c58f46eaa0db4029a43ae73d51f00622,2026-04-22,success,
2026-04-24 09:45:07,38.89,0.8,0.85,0.5,585,33,0.0564,0.0726,lightgbm,c58f46eaa0db4029a43ae73d51f00622,2026-04-22,success,
2026-04-24 10:00:06,36.2,0.8,0.85,0.5,585,39,0.0667,0.0832,lightgbm,c58f46eaa0db4029a43ae73d51f00622,2026-04-22,success,
2026-04-24 10:15:07,36.67,0.8,0.85,0.5,585,38,0.065,0.0828,lightgbm,c58f46eaa0db4029a43ae73d51f00622,2026-04-22,success,
2026-04-24 10:30:06,34.02,0.8,0.85,0.5,585,39,0.0667,0.0848,lightgbm,c58f46eaa0db4029a43ae73d51f00622,2026-04-22,success,
2026-04-24 10:45:08,38.1,0.8,0.85,0.5,585,39,0.0667,0.0836,lightgbm,c58f46eaa0db4029a43ae73d51f00622,2026-04-22,success,
2026-04-24 11:00:08,43.78,0.8,0.85,0.5,585,39,0.0667,0.0858,lightgbm,c58f46eaa0db4029a43ae73d51f00622,2026-04-22,success,
2026-04-24 11:15:07,40.72,0.8,0.85,0.5,653,36,0.0551,0.0733,lightgbm,c58f46eaa0db4029a43ae73d51f00622,2026-04-22,success,
2026-04-24 11:30:08,40.25,0.8,0.85,0.5,653,39,0.0597,0.0755,lightgbm,c58f46eaa0db4029a43ae73d51f00622,2026-04-22,success,
2026-04-24 11:45:08,39.01,0.8,0.85,0.5,653,40,0.0613,0.0733,lightgbm,c58f46eaa0db4029a43ae73d51f00622,2026-04-22,success,
2026-04-24 12:00:08,43.39,0.8,0.85,0.5,639,41,0.0642,0.0734,lightgbm,c58f46eaa0db4029a43ae73d51f00622,2026-04-22,success,
2026-04-24 12:15:08,39.57,0.8,0.85,0.5,639,42,0.0657,0.0744,lightgbm,c58f46eaa0db4029a43ae73d51f00622,2026-04-22,success,
2026-04-24 12:30:09,43.49,0.8,0.85,0.5,637,40,0.0628,0.0754,lightgbm,c58f46eaa0db4029a43ae73d51f00622,2026-04-22,success,
2026-04-24 12:45:08,38.07,0.8,0.85,0.5,637,38,0.0597,0.0764,lightgbm,c58f46eaa0db4029a43ae73d51f00622,2026-04-22,success,
2026-04-24 13:00:09,41.59,0.8,0.85,0.5,650,29,0.0446,0.0652,lightgbm,c58f46eaa0db4029a43ae73d51f00622,2026-04-22,success,
2026-04-24 13:15:07,44.95,0.8,0.85,0.5,650,29,0.0446,0.0655,lightgbm,c58f46eaa0db4029a43ae73d51f00622,2026-04-22,success,
2026-04-24 13:30:08,41.12,0.8,0.85,0.5,644,41,0.0637,0.0753,lightgbm,c58f46eaa0db4029a43ae73d51f00622,2026-04-22,success,
2026-04-24 13:45:07,43.14,0.8,0.85,0.5,644,41,0.0637,0.0759,lightgbm,c58f46eaa0db4029a43ae73d51f00622,2026-04-22,success,
2026-04-24 14:00:08,41.1,0.8,0.85,0.5,640,44,0.0688,0.0852,lightgbm,c58f46eaa0db4029a43ae73d51f00622,2026-04-22,success,
2026-04-24 14:15:08,40.42,0.8,0.85,0.5,640,45,0.0703,0.0858,lightgbm,c58f46eaa0db4029a43ae73d51f00622,2026-04-22,success,
2026-04-24 14:30:07,52.41,0.8,0.85,0.5,652,42,0.0644,0.0814,lightgbm,c58f46eaa0db4029a43ae73d51f00622,2026-04-22,success,
2026-04-24 14:45:08,61.17,0.8,0.85,0.5,652,42,0.0644,0.0837,lightgbm,c58f46eaa0db4029a43ae73d51f00622,2026-04-22,success,
2026-04-24 15:00:08,64.98,0.8,0.85,0.5,652,58,0.089,0.1027,lightgbm,c58f46eaa0db4029a43ae73d51f00622,2026-04-22,success,
2026-04-24 15:15:08,41.09,0.8,0.85,0.5,659,57,0.0865,0.1023,lightgbm,c58f46eaa0db4029a43ae73d51f00622,2026-04-22,success,
2026-04-24 15:30:07,39.91,0.8,0.85,0.5,659,55,0.0835,0.1024,lightgbm,c58f46eaa0db4029a43ae73d51f00622,2026-04-22,success,
2026-04-24 15:45:07,38.76,0.8,0.85,0.5,647,56,0.0866,0.1056,lightgbm,c58f46eaa0db4029a43ae73d51f00622,2026-04-22,success,
2026-04-24 16:00:08,42.8,0.8,0.85,0.5,655,60,0.0916,0.1074,lightgbm,c58f46eaa0db4029a43ae73d51f00622,2026-04-22,success,
2026-04-24 16:15:08,41.2,0.8,0.85,0.5,651,63,0.0968,0.1117,lightgbm,c58f46eaa0db4029a43ae73d51f00622,2026-04-22,success,
2026-04-24 16:30:07,39.89,0.8,0.85,0.5,651,62,0.0952,0.1131,lightgbm,c58f46eaa0db4029a43ae73d51f00622,2026-04-22,success,
2026-04-24 16:45:07,40.48,0.8,0.85,0.5,656,63,0.096,0.1163,lightgbm,c58f46eaa0db4029a43ae73d51f00622,2026-04-22,success,
2026-04-24 17:00:07,41.72,0.8,0.85,0.5,656,74,0.1128,0.1315,lightgbm,c58f46eaa0db4029a43ae73d51f00622,2026-04-22,success,
2026-04-24 17:15:07,41.81,0.8,0.85,0.5,652,78,0.1196,0.1379,lightgbm,c58f46eaa0db4029a43ae73d51f00622,2026-04-22,success,
2026-04-24 17:30:06,41.54,0.8,0.85,0.5,652,80,0.1227,0.1405,lightgbm,c58f46eaa0db4029a43ae73d51f00622,2026-04-22,success,
2026-04-24 17:45:06,37.67,0.8,0.85,0.5,634,76,0.1199,0.139,lightgbm,c58f46eaa0db4029a43ae73d51f00622,2026-04-22,success,
2026-04-24 18:00:06,36.23,0.8,0.85,0.5,634,78,0.123,0.1405,lightgbm,c58f46eaa0db4029a43ae73d51f00622,2026-04-22,success,
2026-04-24 18:15:06,36.12,0.8,0.85,0.5,631,79,0.1252,0.1417,lightgbm,c58f46eaa0db4029a43ae73d51f00622,2026-04-22,success,
2026-04-24 18:30:06,36.52,0.8,0.85,0.5,629,80,0.1272,0.1422,lightgbm,c58f46eaa0db4029a43ae73d51f00622,2026-04-22,success,
2026-04-24 18:45:06,42.73,0.8,0.85,0.5,629,87,0.1383,0.149,lightgbm,c58f46eaa0db4029a43ae73d51f00622,2026-04-22,success,
2026-04-24 19:00:07,36.37,0.8,0.85,0.5,625,87,0.1392,0.1511,lightgbm,c58f46eaa0db4029a43ae73d51f00622,2026-04-22,success,
2026-04-24 19:15:07,36.8,0.8,0.85,0.5,615,85,0.1382,0.1525,lightgbm,c58f46eaa0db4029a43ae73d51f00622,2026-04-22,success,
2026-04-24 19:30:07,37.5,0.8,0.85,0.5,615,87,0.1415,0.1542,lightgbm,c58f46eaa0db4029a43ae73d51f00622,2026-04-22,success,
2026-04-24 19:45:07,35.77,0.8,0.85,0.5,613,86,0.1403,0.1533,lightgbm,c58f46eaa0db4029a43ae73d51f00622,2026-04-22,success,
2026-04-24 20:00:08,41.72,0.8,0.85,0.5,606,79,0.1304,0.1406,lightgbm,c58f46eaa0db4029a43ae73d51f00622,2026-04-22,success,
2026-04-24 20:15:07,41.05,0.8,0.85,0.5,606,81,0.1337,0.1414,lightgbm,c58f46eaa0db4029a43ae73d51f00622,2026-04-22,success,
2026-04-24 20:30:08,46.34,0.8,0.85,0.5,598,82,0.1371,0.1436,lightgbm,c58f46eaa0db4029a43ae73d51f00622,2026-04-22,success,
2026-04-24 20:45:06,36.38,0.8,0.85,0.5,598,83,0.1388,0.1442,lightgbm,c58f46eaa0db4029a43ae73d51f00622,2026-04-22,success,
2026-04-24 21:00:07,35.81,0.8,0.85,0.5,587,72,0.1227,0.1277,lightgbm,c58f46eaa0db4029a43ae73d51f00622,2026-04-22,success,
2026-04-24 21:15:06,37.03,0.8,0.85,0.5,587,72,0.1227,0.1276,lightgbm,c58f46eaa0db4029a43ae73d51f00622,2026-04-22,success,
2026-04-24 21:30:06,37.01,0.8,0.85,0.5,580,71,0.1224,0.1292,lightgbm,c58f46eaa0db4029a43ae73d51f00622,2026-04-22,success,
2026-04-24 21:45:07,34.92,0.8,0.85,0.5,573,71,0.1239,0.1318,lightgbm,c58f46eaa0db4029a43ae73d51f00622,2026-04-22,success,
2026-04-24 22:00:06,36.73,0.8,0.85,0.5,573,71,0.1239,0.1325,lightgbm,c58f46eaa0db4029a43ae73d51f00622,2026-04-22,success,
2026-04-24 22:15:06,36.4,0.8,0.85,0.5,569,71,0.1248,0.131,lightgbm,c58f46eaa0db4029a43ae73d51f00622,2026-04-22,success,
2026-04-24 22:30:06,34.85,0.8,0.85,0.5,569,73,0.1283,0.1336,lightgbm,c58f46eaa0db4029a43ae73d51f00622,2026-04-22,success,
2026-04-24 22:45:06,34.84,0.8,0.85,0.5,548,73,0.1332,0.1388,lightgbm,c58f46eaa0db4029a43ae73d51f00622,2026-04-22,success,
2026-04-24 23:00:07,38.08,0.8,0.85,0.5,548,52,0.0949,0.109,lightgbm,c58f46eaa0db4029a43ae73d51f00622,2026-04-22,success,
2026-04-24 23:15:06,36.14,0.8,0.85,0.5,548,54,0.0985,0.1102,lightgbm,c58f46eaa0db4029a43ae73d51f00622,2026-04-22,success,
2026-04-24 23:30:06,35.09,0.8,0.85,0.5,545,52,0.0954,0.1088,lightgbm,c58f46eaa0db4029a43ae73d51f00622,2026-04-22,success,
2026-04-24 23:45:06,35.58,0.8,0.85,0.5,545,52,0.0954,0.1084,lightgbm,c58f46eaa0db4029a43ae73d51f00622,2026-04-22,success,
2026-04-25 00:00:06,35.37,0.8,0.85,0.5,540,40,0.0741,0.0966,lightgbm,c58f46eaa0db4029a43ae73d51f00622,2026-04-22,success,
2026-04-25 06:00:08,35.18,0.8,0.85,0.5,474,27,0.057,0.0909,lightgbm,bf616ca702f648cd9b5326df24152b65,2026-04-25,success,
2026-04-25 06:15:06,35.98,0.8,0.85,0.5,474,26,0.0549,0.0907,lightgbm,bf616ca702f648cd9b5326df24152b65,2026-04-25,success,
2026-04-25 06:45:07,36.23,0.8,0.85,0.5,465,25,0.0538,0.0931,lightgbm,bf616ca702f648cd9b5326df24152b65,2026-04-25,success,
2026-04-25 07:00:06,37.89,0.8,0.85,0.5,465,26,0.0559,0.0969,lightgbm,bf616ca702f648cd9b5326df24152b65,2026-04-25,success,
2026-04-25 07:15:07,35.29,0.8,0.85,0.5,476,26,0.0546,0.0937,lightgbm,bf616ca702f648cd9b5326df24152b65,2026-04-25,success,
2026-04-25 07:30:06,43.25,0.8,0.85,0.5,476,27,0.0567,0.0957,lightgbm,bf616ca702f648cd9b5326df24152b65,2026-04-25,success,
2026-04-25 07:45:11,35.88,0.8,0.85,0.5,475,27,0.0568,0.0958,lightgbm,bf616ca702f648cd9b5326df24152b65,2026-04-25,success,
2026-04-25 08:00:06,36.55,0.8,0.85,0.5,475,32,0.0674,0.1023,lightgbm,bf616ca702f648cd9b5326df24152b65,2026-04-25,success,
2026-04-25 08:15:06,35.91,0.8,0.85,0.5,473,32,0.0677,0.1032,lightgbm,bf616ca702f648cd9b5326df24152b65,2026-04-25,success,
2026-04-25 08:30:07,35.69,0.8,0.85,0.5,469,32,0.0682,0.1037,lightgbm,bf616ca702f648cd9b5326df24152b65,2026-04-25,success,
2026-04-25 08:45:07,37.27,0.8,0.85,0.5,469,33,0.0704,0.103,lightgbm,bf616ca702f648cd9b5326df24152b65,2026-04-25,success,
2026-04-25 09:00:06,38.53,0.8,0.85,0.5,468,39,0.0833,0.1153,lightgbm,bf616ca702f648cd9b5326df24152b65,2026-04-25,success,
2026-04-25 09:15:06,35.51,0.8,0.85,0.5,468,40,0.0855,0.117,lightgbm,bf616ca702f648cd9b5326df24152b65,2026-04-25,success,
2026-04-25 09:30:07,38.53,0.8,0.85,0.5,466,39,0.0837,0.1177,lightgbm,bf616ca702f648cd9b5326df24152b65,2026-04-25,success,
2026-04-25 09:45:06,36.65,0.8,0.85,0.5,466,39,0.0837,0.1172,lightgbm,bf616ca702f648cd9b5326df24152b65,2026-04-25,success,
2026-04-25 10:00:07,35.21,0.8,0.85,0.5,463,46,0.0994,0.1415,lightgbm,bf616ca702f648cd9b5326df24152b65,2026-04-25,success,
2026-04-25 10:15:06,41.13,0.8,0.85,0.5,463,49,0.1058,0.1418,lightgbm,bf616ca702f648cd9b5326df24152b65,2026-04-25,success,
2026-04-25 10:30:07,37.31,0.8,0.85,0.5,459,47,0.1024,0.1416,lightgbm,bf616ca702f648cd9b5326df24152b65,2026-04-25,success,
2026-04-25 10:45:06,35.6,0.8,0.85,0.5,459,48,0.1046,0.1426,lightgbm,bf616ca702f648cd9b5326df24152b65,2026-04-25,success,
2026-04-25 11:00:07,35.31,0.8,0.85,0.5,456,51,0.1118,0.1452,lightgbm,bf616ca702f648cd9b5326df24152b65,2026-04-25,success,
2026-04-25 11:15:08,40.9,0.8,0.85,0.5,475,52,0.1095,0.1392,lightgbm,bf616ca702f648cd9b5326df24152b65,2026-04-25,success,
2026-04-25 11:30:06,37.41,0.8,0.85,0.5,475,50,0.1053,0.1387,lightgbm,bf616ca702f648cd9b5326df24152b65,2026-04-25,success,
2026-04-25 11:45:07,54.3,0.8,0.85,0.5,472,49,0.1038,0.1375,lightgbm,bf616ca702f648cd9b5326df24152b65,2026-04-25,success,
2026-04-25 12:15:07,39.22,0.8,0.85,0.5,464,48,0.1034,0.13,lightgbm,bf616ca702f648cd9b5326df24152b65,2026-04-25,success,
2026-04-25 12:30:06,37.31,0.8,0.85,0.5,464,47,0.1013,0.1279,lightgbm,bf616ca702f648cd9b5326df24152b65,2026-04-25,success,
2026-04-25 13:00:07,61.27,0.8,0.85,0.5,474,26,0.0549,0.0902,lightgbm,bf616ca702f648cd9b5326df24152b65,2026-04-25,success,
2026-04-25 13:15:06,35.5,0.8,0.85,0.5,474,29,0.0612,0.0922,lightgbm,bf616ca702f648cd9b5326df24152b65,2026-04-25,success,
2026-04-25 13:30:06,35.63,0.8,0.85,0.5,468,31,0.0662,0.0963,lightgbm,bf616ca702f648cd9b5326df24152b65,2026-04-25,success,
2026-04-25 13:45:06,47.76,0.8,0.85,0.5,468,31,0.0662,0.0948,lightgbm,bf616ca702f648cd9b5326df24152b65,2026-04-25,success,
2026-04-25 14:00:06,36.96,0.8,0.85,0.5,466,24,0.0515,0.079,lightgbm,bf616ca702f648cd9b5326df24152b65,2026-04-25,success,
2026-04-25 14:15:06,36.09,0.8,0.85,0.5,466,25,0.0536,0.0805,lightgbm,bf616ca702f648cd9b5326df24152b65,2026-04-25,success,
2026-04-25 14:30:06,37.09,0.8,0.85,0.5,449,27,0.0601,0.0849,lightgbm,bf616ca702f648cd9b5326df24152b65,2026-04-25,success,
2026-04-25 14:45:07,34.96,0.8,0.85,0.5,449,28,0.0624,0.0879,lightgbm,bf616ca702f648cd9b5326df24152b65,2026-04-25,success,
2026-04-25 15:00:06,35.59,0.8,0.85,0.5,449,65,0.1448,0.1756,lightgbm,bf616ca702f648cd9b5326df24152b65,2026-04-25,success,
2026-04-25 15:15:06,35.89,0.8,0.85,0.5,450,67,0.1489,0.1738,lightgbm,bf616ca702f648cd9b5326df24152b65,2026-04-25,success,
2026-04-25 15:30:07,36.2,0.8,0.85,0.5,450,67,0.1489,0.1739,lightgbm,bf616ca702f648cd9b5326df24152b65,2026-04-25,success,
2026-04-25 15:45:07,38.98,0.8,0.85,0.5,464,68,0.1466,0.1704,lightgbm,bf616ca702f648cd9b5326df24152b65,2026-04-25,success,
2026-04-25 16:00:14,37.12,0.8,0.85,0.5,461,74,0.1605,0.1752,lightgbm,bf616ca702f648cd9b5326df24152b65,2026-04-25,success,
2026-04-25 16:15:07,61.78,0.8,0.85,0.5,461,74,0.1605,0.1774,lightgbm,bf616ca702f648cd9b5326df24152b65,2026-04-25,success,
2026-04-25 16:30:07,36.52,0.8,0.85,0.5,464,68,0.1466,0.1679,lightgbm,bf616ca702f648cd9b5326df24152b65,2026-04-25,success,
2026-04-25 16:45:07,35.98,0.8,0.85,0.5,464,70,0.1509,0.1685,lightgbm,bf616ca702f648cd9b5326df24152b65,2026-04-25,success,
2026-04-25 17:00:07,52.64,0.8,0.85,0.5,462,72,0.1558,0.1726,lightgbm,bf616ca702f648cd9b5326df24152b65,2026-04-25,success,
2026-04-25 17:15:08,37.86,0.8,0.85,0.5,462,74,0.1602,0.1739,lightgbm,bf616ca702f648cd9b5326df24152b65,2026-04-25,success,
2026-04-25 17:30:06,37.35,0.8,0.85,0.5,464,74,0.1595,0.1756,lightgbm,bf616ca702f648cd9b5326df24152b65,2026-04-25,success,
2026-04-25 17:45:06,38.27,0.8,0.85,0.5,464,76,0.1638,0.1768,lightgbm,bf616ca702f648cd9b5326df24152b65,2026-04-25,success,
2026-04-25 18:00:07,50.03,0.8,0.85,0.5,464,75,0.1616,0.1769,lightgbm,bf616ca702f648cd9b5326df24152b65,2026-04-25,success,
2026-04-25 18:15:10,47.74,0.8,0.85,0.5,459,78,0.1699,0.1816,lightgbm,bf616ca702f648cd9b5326df24152b65,2026-04-25,success,
2026-04-25 18:30:07,51.4,0.8,0.85,0.5,459,78,0.1699,0.1828,lightgbm,bf616ca702f648cd9b5326df24152b65,2026-04-25,success,
2026-04-25 18:45:06,39.11,0.8,0.85,0.5,454,79,0.174,0.1921,lightgbm,bf616ca702f648cd9b5326df24152b65,2026-04-25,success,
2026-04-25 19:00:07,40.96,0.8,0.85,0.5,454,81,0.1784,0.2012,lightgbm,bf616ca702f648cd9b5326df24152b65,2026-04-25,success,
2026-04-25 19:15:06,44.27,0.8,0.85,0.5,454,85,0.1872,0.2075,lightgbm,bf616ca702f648cd9b5326df24152b65,2026-04-25,success,
2026-04-25 19:30:09,50.83,0.8,0.85,0.5,454,82,0.1806,0.2008,lightgbm,bf616ca702f648cd9b5326df24152b65,2026-04-25,success,
2026-04-25 19:45:07,44.18,0.8,0.85,0.5,454,83,0.1828,0.2009,lightgbm,bf616ca702f648cd9b5326df24152b65,2026-04-25,success,
2026-04-25 20:00:16,44.19,0.8,0.85,0.5,453,82,0.181,0.1917,lightgbm,bf616ca702f648cd9b5326df24152b65,2026-04-25,success,
2026-04-25 20:15:07,42.3,0.8,0.85,0.5,453,82,0.181,0.1919,lightgbm,bf616ca702f648cd9b5326df24152b65,2026-04-25,success,
2026-04-25 20:45:06,37.77,0.8,0.85,0.5,451,81,0.1796,0.19,lightgbm,bf616ca702f648cd9b5326df24152b65,2026-04-25,success,
2026-04-25 21:00:06,37.31,0.8,0.85,0.5,451,69,0.153,0.1682,lightgbm,bf616ca702f648cd9b5326df24152b65,2026-04-25,success,
2026-04-25 21:15:06,48.75,0.8,0.85,0.5,473,66,0.1395,0.156,lightgbm,bf616ca702f648cd9b5326df24152b65,2026-04-25,success,
2026-04-25 21:30:06,37.37,0.8,0.85,0.5,472,66,0.1398,0.1569,lightgbm,bf616ca702f648cd9b5326df24152b65,2026-04-25,success,
2026-04-25 21:45:05,37.19,0.8,0.85,0.5,472,66,0.1398,0.1576,lightgbm,bf616ca702f648cd9b5326df24152b65,2026-04-25,success,
2026-04-25 22:00:06,41.89,0.8,0.85,0.5,463,68,0.1469,0.162,lightgbm,bf616ca702f648cd9b5326df24152b65,2026-04-25,success,
2026-04-25 22:15:07,35.85,0.8,0.85,0.5,457,69,0.151,0.1623,lightgbm,bf616ca702f648cd9b5326df24152b65,2026-04-25,success,
2026-04-25 22:30:06,36.55,0.8,0.85,0.5,457,73,0.1597,0.1666,lightgbm,bf616ca702f648cd9b5326df24152b65,2026-04-25,success,
2026-04-25 22:45:07,36.1,0.8,0.85,0.5,452,72,0.1593,0.1676,lightgbm,bf616ca702f648cd9b5326df24152b65,2026-04-25,success,
2026-04-25 23:00:06,36.05,0.8,0.85,0.5,452,38,0.0841,0.118,lightgbm,bf616ca702f648cd9b5326df24152b65,2026-04-25,success,
2026-04-25 23:15:06,39.85,0.8,0.85,0.5,446,39,0.0874,0.1178,lightgbm,bf616ca702f648cd9b5326df24152b65,2026-04-25,success,
2026-04-25 23:30:06,39.42,0.8,0.85,0.5,444,42,0.0946,0.1204,lightgbm,bf616ca702f648cd9b5326df24152b65,2026-04-25,success,
2026-04-25 23:45:07,36.87,0.8,0.85,0.5,444,43,0.0968,0.1211,lightgbm,bf616ca702f648cd9b5326df24152b65,2026-04-25,success,
2026-04-26 00:00:06,37.05,0.8,0.85,0.5,444,45,0.1014,0.1255,lightgbm,bf616ca702f648cd9b5326df24152b65,2026-04-25,success,
2026-04-26 06:00:08,37.24,0.8,0.85,0.5,395,37,0.0937,0.1203,lightgbm,e7114f082d2a4904a04a493a3b3f4b79,2026-04-26,success,
2026-04-26 06:15:07,38.9,0.8,0.85,0.5,395,37,0.0937,0.1206,lightgbm,e7114f082d2a4904a04a493a3b3f4b79,2026-04-26,success,
2026-04-26 06:30:06,38.89,0.8,0.85,0.5,395,38,0.0962,0.1224,lightgbm,e7114f082d2a4904a04a493a3b3f4b79,2026-04-26,success,
2026-04-26 06:45:06,48.38,0.8,0.85,0.5,395,39,0.0987,0.1236,lightgbm,e7114f082d2a4904a04a493a3b3f4b79,2026-04-26,success,
2026-04-26 07:00:06,37.14,0.8,0.85,0.5,395,39,0.0987,0.1252,lightgbm,e7114f082d2a4904a04a493a3b3f4b79,2026-04-26,success,
2026-04-26 07:15:06,36.29,0.8,0.85,0.5,404,40,0.099,0.124,lightgbm,e7114f082d2a4904a04a493a3b3f4b79,2026-04-26,success,
2026-04-26 07:30:07,37.63,0.8,0.85,0.5,404,40,0.099,0.1239,lightgbm,e7114f082d2a4904a04a493a3b3f4b79,2026-04-26,success,
2026-04-26 07:45:06,46.61,0.8,0.85,0.5,404,40,0.099,0.1246,lightgbm,e7114f082d2a4904a04a493a3b3f4b79,2026-04-26,success,
2026-04-26 08:00:07,37.21,0.8,0.85,0.5,404,45,0.1114,0.1398,lightgbm,e7114f082d2a4904a04a493a3b3f4b79,2026-04-26,success,
2026-04-26 08:15:06,37.24,0.8,0.85,0.5,404,45,0.1114,0.1398,lightgbm,e7114f082d2a4904a04a493a3b3f4b79,2026-04-26,success,
2026-04-26 08:30:07,37.31,0.8,0.85,0.5,429,45,0.1049,0.1332,lightgbm,e7114f082d2a4904a04a493a3b3f4b79,2026-04-26,success,
2026-04-26 08:45:15,37.32,0.8,0.85,0.5,429,44,0.1026,0.1348,lightgbm,e7114f082d2a4904a04a493a3b3f4b79,2026-04-26,success,
2026-04-26 09:00:07,37.22,0.8,0.85,0.5,429,52,0.1212,0.1433,lightgbm,e7114f082d2a4904a04a493a3b3f4b79,2026-04-26,success,
2026-04-26 09:15:06,37.35,0.8,0.85,0.5,435,53,0.1218,0.141,lightgbm,e7114f082d2a4904a04a493a3b3f4b79,2026-04-26,success,
2026-04-26 09:30:06,37.64,0.8,0.85,0.5,435,52,0.1195,0.141,lightgbm,e7114f082d2a4904a04a493a3b3f4b79,2026-04-26,success,
2026-04-26 09:45:07,36.84,0.8,0.85,0.5,438,53,0.121,0.1417,lightgbm,e7114f082d2a4904a04a493a3b3f4b79,2026-04-26,success,
2026-04-26 10:00:06,37.8,0.8,0.85,0.5,438,65,0.1484,0.1597,lightgbm,e7114f082d2a4904a04a493a3b3f4b79,2026-04-26,success,
2026-04-26 10:15:07,41.73,0.8,0.85,0.5,443,66,0.149,0.1583,lightgbm,e7114f082d2a4904a04a493a3b3f4b79,2026-04-26,success,
2026-04-26 10:30:07,37.49,0.8,0.85,0.5,443,66,0.149,0.1585,lightgbm,e7114f082d2a4904a04a493a3b3f4b79,2026-04-26,success,
2026-04-26 10:45:07,38.2,0.8,0.85,0.5,442,68,0.1538,0.1619,lightgbm,e7114f082d2a4904a04a493a3b3f4b79,2026-04-26,success,
2026-04-26 11:00:06,39.68,0.8,0.85,0.5,442,70,0.1584,0.1631,lightgbm,e7114f082d2a4904a04a493a3b3f4b79,2026-04-26,success,
2026-04-26 11:15:07,38.93,0.8,0.85,0.5,463,68,0.1469,0.1509,lightgbm,e7114f082d2a4904a04a493a3b3f4b79,2026-04-26,success,
2026-04-26 11:30:06,46.35,0.8,0.85,0.5,463,67,0.1447,0.1519,lightgbm,e7114f082d2a4904a04a493a3b3f4b79,2026-04-26,success,
2026-04-26 11:45:06,38.7,0.8,0.85,0.5,477,66,0.1384,0.1461,lightgbm,e7114f082d2a4904a04a493a3b3f4b79,2026-04-26,success,
2026-04-26 12:00:07,38.99,0.8,0.85,0.5,478,66,0.1381,0.1438,lightgbm,e7114f082d2a4904a04a493a3b3f4b79,2026-04-26,success,
2026-05-24 14:40:53,19.08,0.8,0.85,0.5,318,0,0.0,0.0002,lightgbm,e7114f082d2a4904a04a493a3b3f4b79,2026-04-26,success,
2026-05-24 14:45:04,16.85,0.8,0.85,0.5,318,0,0.0,0.0003,lightgbm,b5659d53ba2643f0904b33cb5f488b30,2026-05-24,success,
2026-05-24 15:00:04,16.06,0.8,0.85,0.5,310,0,0.0,0.0008,lightgbm,b5659d53ba2643f0904b33cb5f488b30,2026-05-24,success,
2026-05-24 15:15:03,15.27,0.8,0.85,0.5,307,0,0.0,0.0006,lightgbm,b5659d53ba2643f0904b33cb5f488b30,2026-05-24,success,
2026-05-24 15:30:04,15.06,0.8,0.85,0.5,307,0,0.0,0.0006,lightgbm,b5659d53ba2643f0904b33cb5f488b30,2026-05-24,success,
2026-05-24 15:45:03,15.18,0.8,0.85,0.5,307,0,0.0,0.0006,lightgbm,b5659d53ba2643f0904b33cb5f488b30,2026-05-24,success,
2026-05-24 16:00:04,15.82,0.8,0.85,0.5,297,0,0.0,0.0034,lightgbm,b5659d53ba2643f0904b33cb5f488b30,2026-05-24,success,
2026-05-24 16:15:04,15.7,0.8,0.85,0.5,297,0,0.0,0.0033,lightgbm,b5659d53ba2643f0904b33cb5f488b30,2026-05-24,success,
2026-05-24 16:30:04,15.48,0.8,0.85,0.5,280,0,0.0,0.0026,lightgbm,b5659d53ba2643f0904b33cb5f488b30,2026-05-24,success,
2026-05-24 16:45:04,15.48,0.8,0.85,0.5,280,0,0.0,0.0025,lightgbm,b5659d53ba2643f0904b33cb5f488b30,2026-05-24,success,
2026-05-24 17:00:04,16.17,0.8,0.85,0.5,283,1,0.0035,0.0042,lightgbm,b5659d53ba2643f0904b33cb5f488b30,2026-05-24,success,
2026-05-24 17:15:05,20.02,0.8,0.85,0.5,270,1,0.0037,0.0041,lightgbm,b5659d53ba2643f0904b33cb5f488b30,2026-05-24,success,
2026-05-24 17:30:04,16.06,0.8,0.85,0.5,270,1,0.0037,0.0048,lightgbm,b5659d53ba2643f0904b33cb5f488b30,2026-05-24,success,
2026-05-24 17:45:04,15.85,0.8,0.85,0.5,260,1,0.0038,0.0064,lightgbm,b5659d53ba2643f0904b33cb5f488b30,2026-05-24,success,
2026-05-24 18:00:04,16.05,0.8,0.85,0.5,269,1,0.0037,0.0064,lightgbm,b5659d53ba2643f0904b33cb5f488b30,2026-05-24,success,
2026-05-24 18:15:04,15.88,0.8,0.85,0.5,257,1,0.0039,0.0066,lightgbm,b5659d53ba2643f0904b33cb5f488b30,2026-05-24,success,
2026-05-24 18:30:04,16.85,0.8,0.85,0.5,258,1,0.0039,0.0073,lightgbm,b5659d53ba2643f0904b33cb5f488b30,2026-05-24,success,
2026-05-24 18:45:04,16.44,0.8,0.85,0.5,255,1,0.0039,0.0078,lightgbm,b5659d53ba2643f0904b33cb5f488b30,2026-05-24,success,
2026-05-24 19:00:03,16.81,0.8,0.85,0.5,244,1,0.0041,0.0087,lightgbm,b5659d53ba2643f0904b33cb5f488b30,2026-05-24,success,
2026-05-24 19:15:04,16.83,0.8,0.85,0.5,236,2,0.0085,0.0235,lightgbm,b5659d53ba2643f0904b33cb5f488b30,2026-05-24,success,
2026-05-24 19:30:04,16.4,0.8,0.85,0.5,225,3,0.0133,0.026,lightgbm,b5659d53ba2643f0904b33cb5f488b30,2026-05-24,success,
2026-05-24 19:45:04,17.02,0.8,0.85,0.5,213,3,0.0141,0.0259,lightgbm,b5659d53ba2643f0904b33cb5f488b30,2026-05-24,success,
2026-05-24 20:00:04,17.21,0.8,0.85,0.5,213,3,0.0141,0.0323,lightgbm,b5659d53ba2643f0904b33cb5f488b30,2026-05-24,success,
2026-05-24 20:15:05,16.73,0.8,0.85,0.5,213,4,0.0188,0.0329,lightgbm,b5659d53ba2643f0904b33cb5f488b30,2026-05-24,success,
2026-05-24 20:30:04,17.09,0.8,0.85,0.5,213,4,0.0188,0.0333,lightgbm,b5659d53ba2643f0904b33cb5f488b30,2026-05-24,success,
2026-05-24 20:45:04,16.83,0.8,0.85,0.5,184,4,0.0217,0.0387,lightgbm,b5659d53ba2643f0904b33cb5f488b30,2026-05-24,success,
2026-05-24 21:00:05,23.5,0.8,0.85,0.5,184,5,0.0272,0.0414,lightgbm,b5659d53ba2643f0904b33cb5f488b30,2026-05-24,success,
2026-05-24 21:15:04,16.69,0.8,0.85,0.5,172,4,0.0233,0.0453,lightgbm,b5659d53ba2643f0904b33cb5f488b30,2026-05-24,success,
2026-05-24 21:30:04,17.24,0.8,0.85,0.5,165,5,0.0303,0.0519,lightgbm,b5659d53ba2643f0904b33cb5f488b30,2026-05-24,success,
2026-05-24 21:45:04,17.52,0.8,0.85,0.5,159,5,0.0314,0.0545,lightgbm,b5659d53ba2643f0904b33cb5f488b30,2026-05-24,success,
2026-05-24 22:00:04,17.52,0.8,0.85,0.5,158,5,0.0316,0.0544,lightgbm,b5659d53ba2643f0904b33cb5f488b30,2026-05-24,success,
2026-05-24 22:15:05,21.29,0.8,0.85,0.5,143,5,0.035,0.0611,lightgbm,b5659d53ba2643f0904b33cb5f488b30,2026-05-24,success,
2026-05-24 22:30:05,19.79,0.8,0.85,0.5,140,5,0.0357,0.0635,lightgbm,b5659d53ba2643f0904b33cb5f488b30,2026-05-24,success,
2026-05-24 22:45:05,19.22,0.8,0.85,0.5,124,5,0.0403,0.0699,lightgbm,b5659d53ba2643f0904b33cb5f488b30,2026-05-24,success,
2026-05-24 23:00:04,16.37,0.8,0.85,0.5,124,5,0.0403,0.0604,lightgbm,b5659d53ba2643f0904b33cb5f488b30,2026-05-24,success,
2026-05-24 23:15:05,19.6,0.8,0.85,0.5,114,5,0.0439,0.0648,lightgbm,b5659d53ba2643f0904b33cb5f488b30,2026-05-24,success,
2026-05-24 23:30:05,19.33,0.8,0.85,0.5,114,4,0.0351,0.0639,lightgbm,b5659d53ba2643f0904b33cb5f488b30,2026-05-24,success,
2026-05-24 23:45:04,17.66,0.8,0.85,0.5,100,5,0.05,0.075,lightgbm,b5659d53ba2643f0904b33cb5f488b30,2026-05-24,success,
2026-05-25 00:00:04,17.69,0.8,0.85,0.5,99,9,0.0909,0.1104,lightgbm,b5659d53ba2643f0904b33cb5f488b30,2026-05-24,success,
2026-05-25 06:00:05,15.99,0.8,0.85,0.5,75,9,0.12,0.1425,lightgbm,b5659d53ba2643f0904b33cb5f488b30,2026-05-24,success,
2026-05-25 06:15:05,16.56,0.8,0.85,0.5,75,9,0.12,0.1423,lightgbm,b5659d53ba2643f0904b33cb5f488b30,2026-05-24,success,
2026-05-25 06:30:04,15.69,0.8,0.85,0.5,75,9,0.12,0.1419,lightgbm,b5659d53ba2643f0904b33cb5f488b30,2026-05-24,success,
2026-05-25 06:45:04,16.12,0.8,0.85,0.5,75,9,0.12,0.1469,lightgbm,b5659d53ba2643f0904b33cb5f488b30,2026-05-24,success,
2026-05-25 07:00:04,16.39,0.8,0.85,0.5,75,8,0.1067,0.1392,lightgbm,b5659d53ba2643f0904b33cb5f488b30,2026-05-24,success,
2026-05-25 07:15:04,16.08,0.8,0.85,0.5,75,8,0.1067,0.1381,lightgbm,b5659d53ba2643f0904b33cb5f488b30,2026-05-24,success,
2026-05-25 07:30:04,16.01,0.8,0.85,0.5,74,8,0.1081,0.141,lightgbm,b5659d53ba2643f0904b33cb5f488b30,2026-05-24,success,
2026-05-25 07:45:04,16.36,0.8,0.85,0.5,74,8,0.1081,0.1414,lightgbm,b5659d53ba2643f0904b33cb5f488b30,2026-05-24,success,
2026-05-25 08:00:04,16.18,0.8,0.85,0.5,74,8,0.1081,0.143,lightgbm,b5659d53ba2643f0904b33cb5f488b30,2026-05-24,success,
2026-05-25 08:15:04,16.72,0.8,0.85,0.5,74,8,0.1081,0.1418,lightgbm,b5659d53ba2643f0904b33cb5f488b30,2026-05-24,success,
2026-05-25 08:30:04,17.68,0.8,0.85,0.5,74,8,0.1081,0.1416,lightgbm,b5659d53ba2643f0904b33cb5f488b30,2026-05-24,success,
2026-05-25 08:45:05,16.59,0.8,0.85,0.5,76,8,0.1053,0.1383,lightgbm,b5659d53ba2643f0904b33cb5f488b30,2026-05-24,success,
2026-05-25 09:00:04,15.78,0.8,0.85,0.5,76,8,0.1053,0.134,lightgbm,b5659d53ba2643f0904b33cb5f488b30,2026-05-24,success,
2026-05-25 09:15:05,17.22,0.8,0.85,0.5,92,8,0.087,0.1109,lightgbm,b5659d53ba2643f0904b33cb5f488b30,2026-05-24,success,
2026-05-25 09:30:04,18.51,0.8,0.85,0.5,94,8,0.0851,0.109,lightgbm,b5659d53ba2643f0904b33cb5f488b30,2026-05-24,success,
2026-05-25 09:45:04,16.0,0.8,0.85,0.5,94,8,0.0851,0.109,lightgbm,b5659d53ba2643f0904b33cb5f488b30,2026-05-24,success,
2026-05-25 10:00:03,16.15,0.8,0.85,0.5,93,8,0.086,0.1127,lightgbm,b5659d53ba2643f0904b33cb5f488b30,2026-05-24,success,
2026-05-25 10:15:04,17.43,0.8,0.85,0.5,114,7,0.0614,0.0851,lightgbm,b5659d53ba2643f0904b33cb5f488b30,2026-05-24,success,
2026-05-25 10:30:04,17.74,0.8,0.85,0.5,114,7,0.0614,0.085,lightgbm,b5659d53ba2643f0904b33cb5f488b30,2026-05-24,success,
2026-05-25 10:45:04,17.04,0.8,0.85,0.5,115,6,0.0522,0.0764,lightgbm,b5659d53ba2643f0904b33cb5f488b30,2026-05-24,success,
2026-05-25 11:00:04,16.85,0.8,0.85,0.5,115,6,0.0522,0.0755,lightgbm,b5659d53ba2643f0904b33cb5f488b30,2026-05-24,success,
2026-05-25 11:15:04,18.0,0.8,0.85,0.5,115,6,0.0522,0.0771,lightgbm,b5659d53ba2643f0904b33cb5f488b30,2026-05-24,success,
2026-05-25 11:30:04,16.03,0.8,0.85,0.5,115,6,0.0522,0.0728,lightgbm,b5659d53ba2643f0904b33cb5f488b30,2026-05-24,success,
2026-05-25 11:45:05,20.03,0.8,0.85,0.5,132,5,0.0379,0.0606,lightgbm,b5659d53ba2643f0904b33cb5f488b30,2026-05-24,success,
2026-05-25 12:00:06,21.91,0.8,0.85,0.5,132,5,0.0379,0.0598,lightgbm,b5659d53ba2643f0904b33cb5f488b30,2026-05-24,success,
2026-05-25 12:15:05,23.3,0.8,0.85,0.5,131,5,0.0382,0.0612,lightgbm,b5659d53ba2643f0904b33cb5f488b30,2026-05-24,success,
2026-05-25 12:30:05,20.18,0.8,0.85,0.5,131,5,0.0382,0.0611,lightgbm,b5659d53ba2643f0904b33cb5f488b30,2026-05-24,success,
2026-05-25 12:45:04,20.76,0.8,0.85,0.5,130,5,0.0385,0.0613,lightgbm,b5659d53ba2643f0904b33cb5f488b30,2026-05-24,success,
2026-05-25 13:00:03,20.96,0.8,0.85,0.5,130,4,0.0308,0.0478,lightgbm,b5659d53ba2643f0904b33cb5f488b30,2026-05-24,success,
2026-05-25 13:15:05,25.49,0.8,0.85,0.5,155,4,0.0258,0.041,lightgbm,b5659d53ba2643f0904b33cb5f488b30,2026-05-24,success,
2026-05-25 13:30:03,15.67,0.8,0.85,0.5,155,4,0.0258,0.0419,lightgbm,b5659d53ba2643f0904b33cb5f488b30,2026-05-24,success,
2026-05-25 13:45:04,16.48,0.8,0.85,0.5,167,4,0.024,0.0395,lightgbm,b5659d53ba2643f0904b33cb5f488b30,2026-05-24,success,
2026-05-25 14:00:04,16.98,0.8,0.85,0.5,164,3,0.0183,0.0296,lightgbm,b5659d53ba2643f0904b33cb5f488b30,2026-05-24,success,
2026-05-25 14:15:03,15.34,0.8,0.85,0.5,164,2,0.0122,0.0306,lightgbm,b5659d53ba2643f0904b33cb5f488b30,2026-05-24,success,
2026-05-25 14:30:04,15.68,0.8,0.85,0.5,164,2,0.0122,0.0289,lightgbm,b5659d53ba2643f0904b33cb5f488b30,2026-05-24,success,
2026-05-25 14:45:03,15.57,0.8,0.85,0.5,172,2,0.0116,0.027,lightgbm,b5659d53ba2643f0904b33cb5f488b30,2026-05-24,success,
2026-05-25 15:00:03,15.71,0.8,0.85,0.5,172,11,0.064,0.0804,lightgbm,b5659d53ba2643f0904b33cb5f488b30,2026-05-24,success,
2026-05-25 15:15:03,15.48,0.8,0.85,0.5,180,9,0.05,0.0748,lightgbm,b5659d53ba2643f0904b33cb5f488b30,2026-05-24,success,
2026-05-25 15:30:04,15.57,0.8,0.85,0.5,180,9,0.05,0.0749,lightgbm,b5659d53ba2643f0904b33cb5f488b30,2026-05-24,success,
2026-05-25 15:45:04,15.68,0.8,0.85,0.5,180,9,0.05,0.0748,lightgbm,b5659d53ba2643f0904b33cb5f488b30,2026-05-24,success,
2026-05-25 16:00:04,15.54,0.8,0.85,0.5,171,10,0.0585,0.0819,lightgbm,b5659d53ba2643f0904b33cb5f488b30,2026-05-24,success,
2026-05-25 16:15:04,15.64,0.8,0.85,0.5,174,10,0.0575,0.0822,lightgbm,b5659d53ba2643f0904b33cb5f488b30,2026-05-24,success,
2026-05-25 16:30:04,15.33,0.8,0.85,0.5,174,10,0.0575,0.0875,lightgbm,b5659d53ba2643f0904b33cb5f488b30,2026-05-24,success,
2026-05-25 16:45:03,15.59,0.8,0.85,0.5,184,11,0.0598,0.0849,lightgbm,b5659d53ba2643f0904b33cb5f488b30,2026-05-24,success,
2026-05-25 17:00:04,15.92,0.8,0.85,0.5,176,10,0.0568,0.0855,lightgbm,b5659d53ba2643f0904b33cb5f488b30,2026-05-24,success,
2026-05-25 17:15:04,15.54,0.8,0.85,0.5,176,10,0.0568,0.0894,lightgbm,b5659d53ba2643f0904b33cb5f488b30,2026-05-24,success,
2026-05-25 17:30:04,15.86,0.8,0.85,0.5,176,10,0.0568,0.0898,lightgbm,b5659d53ba2643f0904b33cb5f488b30,2026-05-24,success,
2026-05-25 17:45:04,16.16,0.8,0.85,0.5,174,9,0.0517,0.0908,lightgbm,b5659d53ba2643f0904b33cb5f488b30,2026-05-24,success,
2026-05-25 18:00:04,15.96,0.8,0.85,0.5,171,10,0.0585,0.0888,lightgbm,b5659d53ba2643f0904b33cb5f488b30,2026-05-24,success,
2026-05-25 18:15:03,16.08,0.8,0.85,0.5,171,9,0.0526,0.0901,lightgbm,b5659d53ba2643f0904b33cb5f488b30,2026-05-24,success,
2026-05-25 18:30:05,17.82,0.8,0.85,0.5,171,8,0.0468,0.0895,lightgbm,b5659d53ba2643f0904b33cb5f488b30,2026-05-24,success,
2026-05-25 18:45:04,16.3,0.8,0.85,0.5,171,11,0.0643,0.0997,lightgbm,b5659d53ba2643f0904b33cb5f488b30,2026-05-24,success,
2026-05-25 19:00:04,15.93,0.8,0.85,0.5,167,13,0.0778,0.1093,lightgbm,b5659d53ba2643f0904b33cb5f488b30,2026-05-24,success,
2026-05-25 19:15:03,16.48,0.8,0.85,0.5,167,14,0.0838,0.1113,lightgbm,b5659d53ba2643f0904b33cb5f488b30,2026-05-24,success,
2026-05-25 19:30:04,16.71,0.8,0.85,0.5,166,14,0.0843,0.105,lightgbm,b5659d53ba2643f0904b33cb5f488b30,2026-05-24,success,
2026-05-25 19:45:04,16.07,0.8,0.85,0.5,166,15,0.0904,0.1116,lightgbm,b5659d53ba2643f0904b33cb5f488b30,2026-05-24,success,
2026-05-25 20:00:04,17.08,0.8,0.85,0.5,168,14,0.0833,0.1024,lightgbm,b5659d53ba2643f0904b33cb5f488b30,2026-05-24,success,
2026-05-25 20:15:04,15.93,0.8,0.85,0.5,167,14,0.0838,0.1053,lightgbm,b5659d53ba2643f0904b33cb5f488b30,2026-05-24,success,
2026-05-25 20:30:04,15.66,0.8,0.85,0.5,162,14,0.0864,0.1116,lightgbm,b5659d53ba2643f0904b33cb5f488b30,2026-05-24,success,
2026-05-25 20:45:04,15.93,0.8,0.85,0.5,161,14,0.087,0.1141,lightgbm,b5659d53ba2643f0904b33cb5f488b30,2026-05-24,success,
2026-05-25 21:00:04,16.23,0.8,0.85,0.5,161,14,0.087,0.1204,lightgbm,b5659d53ba2643f0904b33cb5f488b30,2026-05-24,success,
2026-05-25 21:15:04,16.7,0.8,0.85,0.5,161,16,0.0994,0.1253,lightgbm,b5659d53ba2643f0904b33cb5f488b30,2026-05-24,success,
2026-05-25 21:30:03,15.74,0.8,0.85,0.5,161,16,0.0994,0.1254,lightgbm,b5659d53ba2643f0904b33cb5f488b30,2026-05-24,success,
2026-05-25 21:45:04,15.61,0.8,0.85,0.5,161,16,0.0994,0.1302,lightgbm,b5659d53ba2643f0904b33cb5f488b30,2026-05-24,success,
2026-05-25 22:00:04,15.34,0.8,0.85,0.5,161,16,0.0994,0.1321,lightgbm,b5659d53ba2643f0904b33cb5f488b30,2026-05-24,success,
2026-05-25 22:15:04,15.77,0.8,0.85,0.5,161,16,0.0994,0.1332,lightgbm,b5659d53ba2643f0904b33cb5f488b30,2026-05-24,success,
2026-05-25 22:30:04,15.64,0.8,0.85,0.5,160,16,0.1,0.138,lightgbm,b5659d53ba2643f0904b33cb5f488b30,2026-05-24,success,
2026-05-25 22:45:04,15.93,0.8,0.85,0.5,160,16,0.1,0.1387,lightgbm,b5659d53ba2643f0904b33cb5f488b30,2026-05-24,success,
2026-05-25 23:00:04,15.86,0.8,0.85,0.5,160,10,0.0625,0.1077,lightgbm,b5659d53ba2643f0904b33cb5f488b30,2026-05-24,success,
2026-05-25 23:15:04,15.94,0.8,0.85,0.5,160,11,0.0688,0.1085,lightgbm,b5659d53ba2643f0904b33cb5f488b30,2026-05-24,success,
2026-05-25 23:30:04,15.93,0.8,0.85,0.5,160,10,0.0625,0.1093,lightgbm,b5659d53ba2643f0904b33cb5f488b30,2026-05-24,success,
2026-05-25 23:45:04,15.73,0.8,0.85,0.5,160,10,0.0625,0.1103,lightgbm,b5659d53ba2643f0904b33cb5f488b30,2026-05-24,success,
2026-05-26 00:00:04,16.02,0.8,0.85,0.5,159,10,0.0629,0.0857,lightgbm,b5659d53ba2643f0904b33cb5f488b30,2026-05-24,success,
2026-05-26 06:00:04,16.28,0.8,0.85,0.5,147,8,0.0544,0.0804,lightgbm,b5659d53ba2643f0904b33cb5f488b30,2026-05-24,success,
2026-05-26 06:15:05,16.08,0.8,0.85,0.5,185,8,0.0432,0.0639,lightgbm,b5659d53ba2643f0904b33cb5f488b30,2026-05-24,success,
2026-05-26 06:30:04,16.0,0.8,0.85,0.5,185,8,0.0432,0.0648,lightgbm,b5659d53ba2643f0904b33cb5f488b30,2026-05-24,success,
2026-05-26 06:45:05,15.94,0.8,0.85,0.5,199,8,0.0402,0.0598,lightgbm,b5659d53ba2643f0904b33cb5f488b30,2026-05-24,success,
2026-05-26 07:00:04,16.08,0.8,0.85,0.5,199,8,0.0402,0.0606,lightgbm,b5659d53ba2643f0904b33cb5f488b30,2026-05-24,success,
2026-05-26 07:15:04,15.97,0.8,0.85,0.5,213,9,0.0423,0.0577,lightgbm,b5659d53ba2643f0904b33cb5f488b30,2026-05-24,success,
2026-05-26 07:30:03,16.05,0.8,0.85,0.5,213,9,0.0423,0.0587,lightgbm,b5659d53ba2643f0904b33cb5f488b30,2026-05-24,success,
2026-05-26 07:45:04,15.81,0.8,0.85,0.5,225,9,0.04,0.0558,lightgbm,b5659d53ba2643f0904b33cb5f488b30,2026-05-24,success,
2026-05-26 08:00:03,15.9,0.8,0.85,0.5,225,10,0.0444,0.0611,lightgbm,b5659d53ba2643f0904b33cb5f488b30,2026-05-24,success,
2026-05-26 08:15:04,15.87,0.8,0.85,0.5,226,10,0.0442,0.0607,lightgbm,b5659d53ba2643f0904b33cb5f488b30,2026-05-24,success,
2026-05-26 08:30:04,15.94,0.8,0.85,0.5,235,10,0.0426,0.062,lightgbm,b5659d53ba2643f0904b33cb5f488b30,2026-05-24,success,
2026-05-26 08:45:04,15.82,0.8,0.85,0.5,279,10,0.0358,0.0525,lightgbm,b5659d53ba2643f0904b33cb5f488b30,2026-05-24,success,
2026-05-26 09:00:03,15.93,0.8,0.85,0.5,279,11,0.0394,0.0561,lightgbm,b5659d53ba2643f0904b33cb5f488b30,2026-05-24,success,
2026-05-26 09:15:04,16.03,0.8,0.85,0.5,284,11,0.0387,0.0554,lightgbm,b5659d53ba2643f0904b33cb5f488b30,2026-05-24,success,
2026-05-26 09:30:04,15.92,0.8,0.85,0.5,284,11,0.0387,0.0537,lightgbm,b5659d53ba2643f0904b33cb5f488b30,2026-05-24,success,
2026-05-26 09:45:04,15.99,0.8,0.85,0.5,315,10,0.0317,0.0475,lightgbm,b5659d53ba2643f0904b33cb5f488b30,2026-05-24,success,
2026-05-26 10:00:04,16.51,0.8,0.85,0.5,315,12,0.0381,0.0598,lightgbm,b5659d53ba2643f0904b33cb5f488b30,2026-05-24,success,
2026-05-26 10:15:04,15.91,0.8,0.85,0.5,319,12,0.0376,0.0557,lightgbm,b5659d53ba2643f0904b33cb5f488b30,2026-05-24,success,
2026-05-26 10:30:04,16.22,0.8,0.85,0.5,318,12,0.0377,0.0548,lightgbm,b5659d53ba2643f0904b33cb5f488b30,2026-05-24,success,
2026-05-26 10:45:03,15.89,0.8,0.85,0.5,318,12,0.0377,0.0555,lightgbm,b5659d53ba2643f0904b33cb5f488b30,2026-05-24,success,
2026-05-26 11:00:04,16.64,0.8,0.85,0.5,334,12,0.0359,0.0526,lightgbm,b5659d53ba2643f0904b33cb5f488b30,2026-05-24,success,
2026-05-26 11:15:04,18.3,0.8,0.85,0.5,334,12,0.0359,0.0523,lightgbm,b5659d53ba2643f0904b33cb5f488b30,2026-05-24,success,
2026-05-26 11:30:04,15.73,0.8,0.85,0.5,334,11,0.0329,0.0528,lightgbm,b5659d53ba2643f0904b33cb5f488b30,2026-05-24,success,
2026-05-26 11:45:04,15.89,0.8,0.85,0.5,334,11,0.0329,0.0539,lightgbm,b5659d53ba2643f0904b33cb5f488b30,2026-05-24,success,
2026-05-26 12:00:04,15.99,0.8,0.85,0.5,334,11,0.0329,0.0534,lightgbm,b5659d53ba2643f0904b33cb5f488b30,2026-05-24,success,
2026-05-26 12:15:04,16.46,0.8,0.85,0.5,334,11,0.0329,0.0536,lightgbm,b5659d53ba2643f0904b33cb5f488b30,2026-05-24,success,
2026-05-26 12:30:04,15.69,0.8,0.85,0.5,334,11,0.0329,0.0531,lightgbm,b5659d53ba2643f0904b33cb5f488b30,2026-05-24,success,
2026-05-26 12:45:04,15.79,0.8,0.85,0.5,335,11,0.0328,0.053,lightgbm,b5659d53ba2643f0904b33cb5f488b30,2026-05-24,success,
2026-05-26 13:00:03,15.75,0.8,0.85,0.5,343,5,0.0146,0.0385,lightgbm,b5659d53ba2643f0904b33cb5f488b30,2026-05-24,success,
2026-05-26 13:15:03,15.97,0.8,0.85,0.5,335,5,0.0149,0.0413,lightgbm,b5659d53ba2643f0904b33cb5f488b30,2026-05-24,success,
2026-05-26 13:30:04,15.89,0.8,0.85,0.5,325,6,0.0185,0.0421,lightgbm,b5659d53ba2643f0904b33cb5f488b30,2026-05-24,success,
2026-05-26 13:45:03,16.46,0.8,0.85,0.5,325,7,0.0215,0.0465,lightgbm,b5659d53ba2643f0904b33cb5f488b30,2026-05-24,success,
2026-05-26 14:00:04,16.14,0.8,0.85,0.5,318,5,0.0157,0.0386,lightgbm,b5659d53ba2643f0904b33cb5f488b30,2026-05-24,success,
2026-05-26 14:15:04,17.53,0.8,0.85,0.5,318,6,0.0189,0.0387,lightgbm,b5659d53ba2643f0904b33cb5f488b30,2026-05-24,success,
2026-05-26 14:30:04,16.33,0.8,0.85,0.5,332,6,0.0181,0.0386,lightgbm,b5659d53ba2643f0904b33cb5f488b30,2026-05-24,success,
2026-05-26 14:45:04,17.07,0.8,0.85,0.5,332,7,0.0211,0.0406,lightgbm,b5659d53ba2643f0904b33cb5f488b30,2026-05-24,success,
2026-05-26 15:00:04,17.15,0.8,0.85,0.5,329,20,0.0608,0.1002,lightgbm,b5659d53ba2643f0904b33cb5f488b30,2026-05-24,success,
2026-05-26 15:15:04,16.19,0.8,0.85,0.5,329,21,0.0638,0.1019,lightgbm,b5659d53ba2643f0904b33cb5f488b30,2026-05-24,success,
2026-05-26 15:30:04,16.28,0.8,0.85,0.5,319,19,0.0596,0.1019,lightgbm,b5659d53ba2643f0904b33cb5f488b30,2026-05-24,success,
2026-05-26 15:45:04,19.02,0.8,0.85,0.5,319,20,0.0627,0.102,lightgbm,b5659d53ba2643f0904b33cb5f488b30,2026-05-24,success,
2026-05-26 16:00:04,16.81,0.8,0.85,0.5,318,21,0.066,0.1038,lightgbm,b5659d53ba2643f0904b33cb5f488b30,2026-05-24,success,
2026-05-26 16:15:04,16.13,0.8,0.85,0.5,319,21,0.0658,0.1036,lightgbm,b5659d53ba2643f0904b33cb5f488b30,2026-05-24,success,
2026-05-26 16:30:04,16.0,0.8,0.85,0.5,318,21,0.066,0.1043,lightgbm,b5659d53ba2643f0904b33cb5f488b30,2026-05-24,success,
2026-05-26 16:45:04,15.93,0.8,0.85,0.5,318,21,0.066,0.1105,lightgbm,b5659d53ba2643f0904b33cb5f488b30,2026-05-24,success,
2026-05-26 17:00:04,15.92,0.8,0.85,0.5,322,22,0.0683,0.1129,lightgbm,b5659d53ba2643f0904b33cb5f488b30,2026-05-24,success,
2026-05-26 17:15:04,20.76,0.8,0.85,0.5,322,22,0.0683,0.1133,lightgbm,b5659d53ba2643f0904b33cb5f488b30,2026-05-24,success,
2026-05-26 17:30:05,23.4,0.8,0.85,0.5,376,22,0.0585,0.0978,lightgbm,b5659d53ba2643f0904b33cb5f488b30,2026-05-24,success,
2026-05-26 17:45:05,19.79,0.8,0.85,0.5,390,24,0.0615,0.0978,lightgbm,b5659d53ba2643f0904b33cb5f488b30,2026-05-24,success,
2026-05-26 18:00:05,16.57,0.8,0.85,0.5,398,23,0.0578,0.0927,lightgbm,b5659d53ba2643f0904b33cb5f488b30,2026-05-24,success,
2026-05-26 18:15:04,16.48,0.8,0.85,0.5,396,23,0.0581,0.0939,lightgbm,b5659d53ba2643f0904b33cb5f488b30,2026-05-24,success,
2026-05-26 18:30:04,16.23,0.8,0.85,0.5,408,22,0.0539,0.0899,lightgbm,b5659d53ba2643f0904b33cb5f488b30,2026-05-24,success,
2026-05-26 18:45:04,15.99,0.8,0.85,0.5,427,21,0.0492,0.0873,lightgbm,b5659d53ba2643f0904b33cb5f488b30,2026-05-24,success,
2026-05-26 19:00:04,15.97,0.8,0.85,0.5,438,22,0.0502,0.0908,lightgbm,b5659d53ba2643f0904b33cb5f488b30,2026-05-24,success,
2026-05-26 19:15:03,16.01,0.8,0.85,0.5,438,24,0.0548,0.0912,lightgbm,b5659d53ba2643f0904b33cb5f488b30,2026-05-24,success,
2026-05-26 19:30:05,23.56,0.8,0.85,0.5,428,26,0.0607,0.0961,lightgbm,b5659d53ba2643f0904b33cb5f488b30,2026-05-24,success,
2026-05-26 19:45:04,17.58,0.8,0.85,0.5,428,27,0.0631,0.0982,lightgbm,b5659d53ba2643f0904b33cb5f488b30,2026-05-24,success,
2026-05-26 20:00:04,16.18,0.8,0.85,0.5,421,20,0.0475,0.0864,lightgbm,b5659d53ba2643f0904b33cb5f488b30,2026-05-24,success,
2026-05-26 20:15:04,16.32,0.8,0.85,0.5,421,20,0.0475,0.0888,lightgbm,b5659d53ba2643f0904b33cb5f488b30,2026-05-24,success,
2026-05-26 20:30:04,16.36,0.8,0.85,0.5,426,19,0.0446,0.0895,lightgbm,b5659d53ba2643f0904b33cb5f488b30,2026-05-24,success,
2026-05-26 20:45:04,16.18,0.8,0.85,0.5,426,21,0.0493,0.0919,lightgbm,b5659d53ba2643f0904b33cb5f488b30,2026-05-24,success,
2026-05-26 21:00:04,16.42,0.8,0.85,0.5,425,28,0.0659,0.0995,lightgbm,b5659d53ba2643f0904b33cb5f488b30,2026-05-24,success,
2026-05-26 21:15:04,16.76,0.8,0.85,0.5,425,29,0.0682,0.1022,lightgbm,b5659d53ba2643f0904b33cb5f488b30,2026-05-24,success,
2026-05-26 21:30:04,16.17,0.8,0.85,0.5,428,29,0.0678,0.0999,lightgbm,b5659d53ba2643f0904b33cb5f488b30,2026-05-24,success,
2026-05-26 21:45:04,16.33,0.8,0.85,0.5,428,29,0.0678,0.1012,lightgbm,b5659d53ba2643f0904b33cb5f488b30,2026-05-24,success,
2026-05-26 22:00:04,16.09,0.8,0.85,0.5,428,30,0.0701,0.1048,lightgbm,b5659d53ba2643f0904b33cb5f488b30,2026-05-24,success,
2026-05-26 22:15:04,16.66,0.8,0.85,0.5,425,30,0.0706,0.1034,lightgbm,b5659d53ba2643f0904b33cb5f488b30,2026-05-24,success,
2026-05-26 22:30:04,16.5,0.8,0.85,0.5,425,30,0.0706,0.1087,lightgbm,b5659d53ba2643f0904b33cb5f488b30,2026-05-24,success,
2026-05-26 22:45:04,16.94,0.8,0.85,0.5,431,27,0.0626,0.1046,lightgbm,b5659d53ba2643f0904b33cb5f488b30,2026-05-24,success,
2026-05-26 23:00:04,16.43,0.8,0.85,0.5,431,22,0.051,0.0879,lightgbm,b5659d53ba2643f0904b33cb5f488b30,2026-05-24,success,
2026-05-26 23:15:05,16.56,0.8,0.85,0.5,431,21,0.0487,0.0919,lightgbm,b5659d53ba2643f0904b33cb5f488b30,2026-05-24,success,
2026-05-26 23:30:05,16.55,0.8,0.85,0.5,430,21,0.0488,0.0909,lightgbm,b5659d53ba2643f0904b33cb5f488b30,2026-05-24,success,
2026-05-26 23:45:04,16.74,0.8,0.85,0.5,430,23,0.0535,0.0933,lightgbm,b5659d53ba2643f0904b33cb5f488b30,2026-05-24,success,
2026-05-27 00:00:04,16.5,0.8,0.85,0.5,427,7,0.0164,0.048,lightgbm,b5659d53ba2643f0904b33cb5f488b30,2026-05-24,success,
2026-05-27 06:00:05,16.46,0.8,0.85,0.5,401,7,0.0175,0.046,lightgbm,b5659d53ba2643f0904b33cb5f488b30,2026-05-24,success,
2026-05-27 06:15:04,16.69,0.8,0.85,0.5,401,7,0.0175,0.0463,lightgbm,b5659d53ba2643f0904b33cb5f488b30,2026-05-24,success,
2026-05-27 06:30:04,16.34,0.8,0.85,0.5,401,7,0.0175,0.0463,lightgbm,b5659d53ba2643f0904b33cb5f488b30,2026-05-24,success,
2026-05-27 06:45:04,16.14,0.8,0.85,0.5,401,7,0.0175,0.0467,lightgbm,b5659d53ba2643f0904b33cb5f488b30,2026-05-24,success,
2026-05-27 07:00:04,16.76,0.8,0.85,0.5,410,9,0.022,0.0485,lightgbm,b5659d53ba2643f0904b33cb5f488b30,2026-05-24,success,
2026-05-27 07:15:04,16.82,0.8,0.85,0.5,410,10,0.0244,0.0497,lightgbm,b5659d53ba2643f0904b33cb5f488b30,2026-05-24,success,
2026-05-27 07:30:04,16.41,0.8,0.85,0.5,410,10,0.0244,0.0495,lightgbm,b5659d53ba2643f0904b33cb5f488b30,2026-05-24,success,
2026-05-27 07:45:04,16.69,0.8,0.85,0.5,428,9,0.021,0.047,lightgbm,b5659d53ba2643f0904b33cb5f488b30,2026-05-24,success,
2026-05-27 08:00:04,16.49,0.8,0.85,0.5,429,11,0.0256,0.0576,lightgbm,b5659d53ba2643f0904b33cb5f488b30,2026-05-24,success,
2026-05-27 08:15:04,16.72,0.8,0.85,0.5,428,12,0.028,0.0585,lightgbm,b5659d53ba2643f0904b33cb5f488b30,2026-05-24,success,
2026-05-27 08:30:04,16.55,0.8,0.85,0.5,428,12,0.028,0.0583,lightgbm,b5659d53ba2643f0904b33cb5f488b30,2026-05-24,success,
2026-05-27 08:45:04,17.58,0.8,0.85,0.5,448,12,0.0268,0.0553,lightgbm,b5659d53ba2643f0904b33cb5f488b30,2026-05-24,success,
2026-05-27 09:00:05,16.79,0.8,0.85,0.5,450,12,0.0267,0.059,lightgbm,b5659d53ba2643f0904b33cb5f488b30,2026-05-24,success,
2026-05-27 09:15:04,16.36,0.8,0.85,0.5,450,14,0.0311,0.06,lightgbm,b5659d53ba2643f0904b33cb5f488b30,2026-05-24,success,
2026-05-27 09:30:04,16.63,0.8,0.85,0.5,473,14,0.0296,0.0572,lightgbm,b5659d53ba2643f0904b33cb5f488b30,2026-05-24,success,
2026-05-27 09:45:05,16.73,0.8,0.85,0.5,474,14,0.0295,0.0576,lightgbm,b5659d53ba2643f0904b33cb5f488b30,2026-05-24,success,
2026-05-27 10:00:04,16.72,0.8,0.85,0.5,474,19,0.0401,0.0712,lightgbm,b5659d53ba2643f0904b33cb5f488b30,2026-05-24,success,
2026-05-27 10:15:04,16.83,0.8,0.85,0.5,473,19,0.0402,0.0713,lightgbm,b5659d53ba2643f0904b33cb5f488b30,2026-05-24,success,
2026-05-27 11:30:07,26.78,0.8,0.85,0.5,498,19,0.0382,0.0638,lightgbm,b5659d53ba2643f0904b33cb5f488b30,2026-05-24,success,
2026-05-27 11:45:05,26.01,0.8,0.85,0.5,498,19,0.0382,0.066,lightgbm,b5659d53ba2643f0904b33cb5f488b30,2026-05-24,success,
2026-05-27 12:00:06,27.12,0.8,0.85,0.5,498,21,0.0422,0.0647,lightgbm,b5659d53ba2643f0904b33cb5f488b30,2026-05-24,success,
2026-05-27 12:15:05,26.56,0.8,0.85,0.5,498,20,0.0402,0.0658,lightgbm,b5659d53ba2643f0904b33cb5f488b30,2026-05-24,success,
2026-05-27 12:30:06,26.25,0.8,0.85,0.5,493,19,0.0385,0.0622,lightgbm,b5659d53ba2643f0904b33cb5f488b30,2026-05-24,success,
2026-05-27 12:45:06,25.45,0.8,0.85,0.5,518,20,0.0386,0.0587,lightgbm,b5659d53ba2643f0904b33cb5f488b30,2026-05-24,success,
2026-05-27 13:00:05,25.8,0.8,0.85,0.5,518,10,0.0193,0.0376,lightgbm,b5659d53ba2643f0904b33cb5f488b30,2026-05-24,success,
2026-05-27 13:15:06,26.42,0.8,0.85,0.5,511,9,0.0176,0.0373,lightgbm,b5659d53ba2643f0904b33cb5f488b30,2026-05-24,success,
2026-05-27 13:30:06,25.54,0.8,0.85,0.5,511,9,0.0176,0.0376,lightgbm,b5659d53ba2643f0904b33cb5f488b30,2026-05-24,success,
2026-05-27 13:45:07,27.66,0.8,0.85,0.5,510,9,0.0176,0.0382,lightgbm,b5659d53ba2643f0904b33cb5f488b30,2026-05-24,success,
2026-05-27 14:00:06,26.11,0.8,0.85,0.5,536,4,0.0075,0.0293,lightgbm,b5659d53ba2643f0904b33cb5f488b30,2026-05-24,success,
2026-05-27 14:15:06,27.3,0.8,0.85,0.5,535,4,0.0075,0.0302,lightgbm,b5659d53ba2643f0904b33cb5f488b30,2026-05-24,success,
2026-05-27 14:30:06,27.14,0.8,0.85,0.5,535,5,0.0093,0.0328,lightgbm,b5659d53ba2643f0904b33cb5f488b30,2026-05-24,success,
2026-05-27 14:45:06,26.72,0.8,0.85,0.5,529,5,0.0095,0.0344,lightgbm,b5659d53ba2643f0904b33cb5f488b30,2026-05-24,success,
2026-05-27 15:00:07,26.81,0.8,0.85,0.5,523,21,0.0402,0.0825,lightgbm,b5659d53ba2643f0904b33cb5f488b30,2026-05-24,success,
2026-05-27 15:15:06,27.4,0.8,0.85,0.5,523,22,0.0421,0.088,lightgbm,b5659d53ba2643f0904b33cb5f488b30,2026-05-24,success,
2026-05-27 15:45:06,25.51,0.8,0.85,0.5,522,22,0.0421,0.0902,lightgbm,b5659d53ba2643f0904b33cb5f488b30,2026-05-24,success,
2026-05-27 16:00:06,26.56,0.8,0.85,0.5,517,28,0.0542,0.0944,lightgbm,b5659d53ba2643f0904b33cb5f488b30,2026-05-24,success,
2026-05-27 16:15:05,26.21,0.8,0.85,0.5,517,28,0.0542,0.0959,lightgbm,b5659d53ba2643f0904b33cb5f488b30,2026-05-24,success,
2026-05-27 16:30:06,24.66,0.8,0.85,0.5,529,31,0.0586,0.0942,lightgbm,b5659d53ba2643f0904b33cb5f488b30,2026-05-24,success,
2026-05-27 16:45:06,26.45,0.8,0.85,0.5,526,33,0.0627,0.0981,lightgbm,b5659d53ba2643f0904b33cb5f488b30,2026-05-24,success,
2026-05-27 17:00:06,25.7,0.8,0.85,0.5,529,30,0.0567,0.0981,lightgbm,b5659d53ba2643f0904b33cb5f488b30,2026-05-24,success,
2026-05-27 17:15:06,25.89,0.8,0.85,0.5,531,31,0.0584,0.0969,lightgbm,b5659d53ba2643f0904b33cb5f488b30,2026-05-24,success,
2026-05-27 17:30:07,27.95,0.8,0.85,0.5,531,32,0.0603,0.1013,lightgbm,b5659d53ba2643f0904b33cb5f488b30,2026-05-24,success,
2026-05-27 17:45:05,26.74,0.8,0.85,0.5,531,35,0.0659,0.1009,lightgbm,b5659d53ba2643f0904b33cb5f488b30,2026-05-24,success,
2026-05-27 18:00:06,26.52,0.8,0.85,0.5,531,33,0.0621,0.0976,lightgbm,b5659d53ba2643f0904b33cb5f488b30,2026-05-24,success,
2026-05-27 18:15:06,26.95,0.8,0.85,0.5,545,31,0.0569,0.0914,lightgbm,b5659d53ba2643f0904b33cb5f488b30,2026-05-24,success,
2026-05-27 18:30:06,26.41,0.8,0.85,0.5,549,33,0.0601,0.0929,lightgbm,b5659d53ba2643f0904b33cb5f488b30,2026-05-24,success,
2026-05-27 18:45:07,26.85,0.8,0.85,0.5,579,33,0.057,0.0891,lightgbm,b5659d53ba2643f0904b33cb5f488b30,2026-05-24,success,
2026-05-27 19:00:06,27.28,0.8,0.85,0.5,568,35,0.0616,0.0948,lightgbm,b5659d53ba2643f0904b33cb5f488b30,2026-05-24,success,
2026-05-27 19:15:06,27.16,0.8,0.85,0.5,566,38,0.0671,0.0981,lightgbm,b5659d53ba2643f0904b33cb5f488b30,2026-05-24,success,
2026-05-27 19:30:06,26.12,0.8,0.85,0.5,575,37,0.0643,0.0952,lightgbm,b5659d53ba2643f0904b33cb5f488b30,2026-05-24,success,
2026-05-27 19:45:06,25.81,0.8,0.85,0.5,567,36,0.0635,0.0975,lightgbm,b5659d53ba2643f0904b33cb5f488b30,2026-05-24,success,
2026-05-27 20:00:06,29.27,0.8,0.85,0.5,567,29,0.0511,0.0895,lightgbm,b5659d53ba2643f0904b33cb5f488b30,2026-05-24,success,
2026-05-27 20:15:06,26.46,0.8,0.85,0.5,565,29,0.0513,0.0902,lightgbm,b5659d53ba2643f0904b33cb5f488b30,2026-05-24,success,
2026-05-27 20:30:06,27.41,0.8,0.85,0.5,565,29,0.0513,0.0904,lightgbm,b5659d53ba2643f0904b33cb5f488b30,2026-05-24,success,
2026-05-27 20:45:06,27.85,0.8,0.85,0.5,537,26,0.0484,0.0872,lightgbm,b5659d53ba2643f0904b33cb5f488b30,2026-05-24,success,
2026-05-27 21:00:06,27.12,0.8,0.85,0.5,537,32,0.0596,0.0948,lightgbm,b5659d53ba2643f0904b33cb5f488b30,2026-05-24,success,
2026-05-27 21:15:07,29.66,0.8,0.85,0.5,522,32,0.0613,0.0945,lightgbm,b5659d53ba2643f0904b33cb5f488b30,2026-05-24,success,
2026-05-27 21:30:06,26.24,0.8,0.85,0.5,520,31,0.0596,0.0954,lightgbm,b5659d53ba2643f0904b33cb5f488b30,2026-05-24,success,
2026-05-27 21:45:06,29.03,0.8,0.85,0.5,520,31,0.0596,0.0953,lightgbm,b5659d53ba2643f0904b33cb5f488b30,2026-05-24,success,
2026-05-27 22:00:06,27.48,0.8,0.85,0.5,519,29,0.0559,0.098,lightgbm,b5659d53ba2643f0904b33cb5f488b30,2026-05-24,success,
2026-05-27 22:15:06,27.9,0.8,0.85,0.5,506,27,0.0534,0.0981,lightgbm,b5659d53ba2643f0904b33cb5f488b30,2026-05-24,success,
2026-05-27 22:30:06,28.76,0.8,0.85,0.5,506,26,0.0514,0.098,lightgbm,b5659d53ba2643f0904b33cb5f488b30,2026-05-24,success,
2026-05-27 22:45:06,27.89,0.8,0.85,0.5,502,26,0.0518,0.0974,lightgbm,b5659d53ba2643f0904b33cb5f488b30,2026-05-24,success,
2026-05-27 23:00:06,26.91,0.8,0.85,0.5,502,20,0.0398,0.0745,lightgbm,b5659d53ba2643f0904b33cb5f488b30,2026-05-24,success,
2026-05-27 23:15:06,28.94,0.8,0.85,0.5,498,21,0.0422,0.076,lightgbm,b5659d53ba2643f0904b33cb5f488b30,2026-05-24,success,
2026-05-27 23:30:06,27.22,0.8,0.85,0.5,489,22,0.045,0.0783,lightgbm,b5659d53ba2643f0904b33cb5f488b30,2026-05-24,success,
2026-05-27 23:45:05,25.98,0.8,0.85,0.5,489,22,0.045,0.0791,lightgbm,b5659d53ba2643f0904b33cb5f488b30,2026-05-24,success,
2026-05-28 00:00:06,27.24,0.8,0.85,0.5,488,8,0.0164,0.038,lightgbm,b5659d53ba2643f0904b33cb5f488b30,2026-05-24,success,
2026-05-28 06:00:06,28.82,0.8,0.85,0.5,446,5,0.0112,0.0373,lightgbm,b5659d53ba2643f0904b33cb5f488b30,2026-05-24,success,
2026-05-28 06:15:06,27.88,0.8,0.85,0.5,454,5,0.011,0.0365,lightgbm,b5659d53ba2643f0904b33cb5f488b30,2026-05-24,success,
2026-05-28 06:30:06,26.01,0.8,0.85,0.5,454,5,0.011,0.0363,lightgbm,b5659d53ba2643f0904b33cb5f488b30,2026-05-24,success,
2026-05-28 06:45:04,20.23,0.8,0.85,0.5,465,5,0.0108,0.0356,lightgbm,b5659d53ba2643f0904b33cb5f488b30,2026-05-24,success,
2026-05-28 07:00:04,18.89,0.8,0.85,0.5,468,5,0.0107,0.038,lightgbm,b5659d53ba2643f0904b33cb5f488b30,2026-05-24,success,
2026-05-28 07:15:04,18.47,0.8,0.85,0.5,468,5,0.0107,0.0377,lightgbm,b5659d53ba2643f0904b33cb5f488b30,2026-05-24,success,
2026-05-28 07:30:05,18.35,0.8,0.85,0.5,468,5,0.0107,0.0393,lightgbm,b5659d53ba2643f0904b33cb5f488b30,2026-05-24,success,
2026-05-28 07:45:04,18.91,0.8,0.85,0.5,468,5,0.0107,0.0399,lightgbm,b5659d53ba2643f0904b33cb5f488b30,2026-05-24,success,
2026-05-28 08:00:05,18.83,0.8,0.85,0.5,469,8,0.0171,0.0492,lightgbm,b5659d53ba2643f0904b33cb5f488b30,2026-05-24,success,
2026-05-28 08:15:04,19.43,0.8,0.85,0.5,471,8,0.017,0.049,lightgbm,b5659d53ba2643f0904b33cb5f488b30,2026-05-24,success,
2026-05-28 08:45:05,17.07,0.8,0.85,0.5,471,51,0.1083,0.1257,lightgbm,e4049e9503b34664acbd970cb0a8a314,2026-05-28,success,
2026-05-28 09:00:05,17.64,0.8,0.85,0.5,496,49,0.0988,0.1176,lightgbm,e4049e9503b34664acbd970cb0a8a314,2026-05-28,success,
2026-05-28 09:15:04,17.25,0.8,0.85,0.5,496,49,0.0988,0.1182,lightgbm,e4049e9503b34664acbd970cb0a8a314,2026-05-28,success,
2026-05-28 09:30:04,16.84,0.8,0.85,0.5,519,51,0.0983,0.1126,lightgbm,e4049e9503b34664acbd970cb0a8a314,2026-05-28,success,
2026-05-28 09:45:04,17.03,0.8,0.85,0.5,519,50,0.0963,0.1125,lightgbm,e4049e9503b34664acbd970cb0a8a314,2026-05-28,success,
2026-05-28 10:00:04,17.39,0.8,0.85,0.5,519,56,0.1079,0.1259,lightgbm,e4049e9503b34664acbd970cb0a8a314,2026-05-28,success,
2026-05-28 10:15:05,18.18,0.8,0.85,0.5,552,54,0.0978,0.1141,lightgbm,e4049e9503b34664acbd970cb0a8a314,2026-05-28,success,
2026-05-28 10:45:04,16.18,0.8,0.85,0.5,,,,,,,,failed,encoder.joblib not found in /work/M6_Project_Anti_Food_Waste/models — run preprocessing.py first
2026-05-28 11:00:04,16.46,0.8,0.85,0.5,586,285,0.4863,0.5483,lightgbm,aa0563191be642e08dbdd8bdb304b4e7,2026-05-28,success,
2026-05-28 11:15:04,17.4,0.8,0.85,0.5,586,284,0.4846,0.5473,lightgbm,aa0563191be642e08dbdd8bdb304b4e7,2026-05-28,success,
2026-05-28 11:30:04,16.63,0.8,0.85,0.5,589,288,0.489,0.5462,lightgbm,aa0563191be642e08dbdd8bdb304b4e7,2026-05-28,success,
2026-05-28 11:45:04,16.39,0.8,0.85,0.5,591,289,0.489,0.5465,lightgbm,aa0563191be642e08dbdd8bdb304b4e7,2026-05-28,success,
2026-05-28 12:00:05,17.98,0.8,0.85,0.5,591,285,0.4822,0.5456,lightgbm,aa0563191be642e08dbdd8bdb304b4e7,2026-05-28,success,
2026-05-28 12:15:04,17.23,0.8,0.85,0.5,591,286,0.4839,0.5447,lightgbm,aa0563191be642e08dbdd8bdb304b4e7,2026-05-28,success,
2026-05-28 12:30:04,17.09,0.8,0.85,0.5,592,216,0.3649,0.4437,lightgbm,aa0563191be642e08dbdd8bdb304b4e7,2026-05-28,success,
2026-05-28 12:45:04,17.65,0.8,0.85,0.5,604,220,0.3642,0.4453,lightgbm,aa0563191be642e08dbdd8bdb304b4e7,2026-05-28,success,
2026-05-28 13:00:04,17.06,0.8,0.85,0.5,603,221,0.3665,0.4456,lightgbm,aa0563191be642e08dbdd8bdb304b4e7,2026-05-28,success,
2026-05-28 13:15:04,16.98,0.8,0.85,0.5,603,220,0.3648,0.4448,lightgbm,aa0563191be642e08dbdd8bdb304b4e7,2026-05-28,success,
2026-05-28 13:30:04,16.37,0.8,0.85,0.5,607,214,0.3526,0.4363,lightgbm,aa0563191be642e08dbdd8bdb304b4e7,2026-05-28,success,
2026-05-28 13:45:04,16.3,0.8,0.85,0.5,607,214,0.3526,0.4336,lightgbm,aa0563191be642e08dbdd8bdb304b4e7,2026-05-28,success,
2026-05-28 14:00:04,16.17,0.8,0.85,0.5,607,214,0.3526,0.4318,lightgbm,aa0563191be642e08dbdd8bdb304b4e7,2026-05-28,success,
2026-05-28 14:15:04,16.3,0.8,0.85,0.5,607,212,0.3493,0.4306,lightgbm,aa0563191be642e08dbdd8bdb304b4e7,2026-05-28,success,
2026-05-28 14:30:04,17.63,0.8,0.85,0.5,599,292,0.4875,0.5379,lightgbm,aa0563191be642e08dbdd8bdb304b4e7,2026-05-28,success,
2026-05-28 14:45:03,17.0,0.8,0.85,0.5,599,288,0.4808,0.5359,lightgbm,aa0563191be642e08dbdd8bdb304b4e7,2026-05-28,success,
2026-05-28 15:00:04,17.16,0.8,0.85,0.5,597,287,0.4807,0.537,lightgbm,aa0563191be642e08dbdd8bdb304b4e7,2026-05-28,success,
2026-05-28 15:15:04,17.2,0.8,0.85,0.5,597,285,0.4774,0.5349,lightgbm,aa0563191be642e08dbdd8bdb304b4e7,2026-05-28,success,
2026-05-28 15:30:04,17.28,0.8,0.85,0.5,598,292,0.4883,0.5416,lightgbm,aa0563191be642e08dbdd8bdb304b4e7,2026-05-28,success,
2026-05-28 15:45:04,17.2,0.8,0.85,0.5,598,292,0.4883,0.5399,lightgbm,aa0563191be642e08dbdd8bdb304b4e7,2026-05-28,success,
2026-05-28 16:00:04,17.29,0.8,0.85,0.5,598,293,0.49,0.5396,lightgbm,aa0563191be642e08dbdd8bdb304b4e7,2026-05-28,success,
2026-05-28 16:15:04,17.09,0.8,0.85,0.5,598,289,0.4833,0.5362,lightgbm,aa0563191be642e08dbdd8bdb304b4e7,2026-05-28,success,
2026-05-28 16:30:04,17.39,0.8,0.85,0.5,578,288,0.4983,0.5472,lightgbm,aa0563191be642e08dbdd8bdb304b4e7,2026-05-28,success,
2026-05-28 16:45:04,19.42,0.8,0.85,0.5,577,282,0.4887,0.5413,lightgbm,aa0563191be642e08dbdd8bdb304b4e7,2026-05-28,success,
2026-05-28 17:00:04,17.47,0.8,0.85,0.5,583,280,0.4803,0.5375,lightgbm,aa0563191be642e08dbdd8bdb304b4e7,2026-05-28,success,
2026-05-28 17:15:04,17.1,0.8,0.85,0.5,576,273,0.474,0.5328,lightgbm,aa0563191be642e08dbdd8bdb304b4e7,2026-05-28,success,
2026-05-28 17:30:03,17.15,0.8,0.85,0.5,576,269,0.467,0.5287,lightgbm,aa0563191be642e08dbdd8bdb304b4e7,2026-05-28,success,
2026-05-28 17:45:04,17.15,0.8,0.85,0.5,584,276,0.4726,0.536,lightgbm,aa0563191be642e08dbdd8bdb304b4e7,2026-05-28,success,
2026-05-28 18:00:04,18.34,0.8,0.85,0.5,584,275,0.4709,0.5328,lightgbm,aa0563191be642e08dbdd8bdb304b4e7,2026-05-28,success,
2026-05-28 18:15:04,17.33,0.8,0.85,0.5,580,277,0.4776,0.5422,lightgbm,aa0563191be642e08dbdd8bdb304b4e7,2026-05-28,success,
2026-05-28 18:30:04,16.86,0.8,0.85,0.5,578,274,0.474,0.5362,lightgbm,aa0563191be642e08dbdd8bdb304b4e7,2026-05-28,success,
2026-05-28 18:45:04,17.14,0.8,0.85,0.5,578,276,0.4775,0.5327,lightgbm,aa0563191be642e08dbdd8bdb304b4e7,2026-05-28,success,
2026-05-28 19:00:04,17.39,0.8,0.85,0.5,581,277,0.4768,0.5346,lightgbm,aa0563191be642e08dbdd8bdb304b4e7,2026-05-28,success,
2026-05-28 19:15:04,18.34,0.8,0.85,0.5,579,274,0.4732,0.5333,lightgbm,aa0563191be642e08dbdd8bdb304b4e7,2026-05-28,success,
2026-05-28 19:30:04,17.99,0.8,0.85,0.5,579,270,0.4663,0.5287,lightgbm,aa0563191be642e08dbdd8bdb304b4e7,2026-05-28,success,
2026-05-28 19:45:04,17.37,0.8,0.85,0.5,559,259,0.4633,0.5253,lightgbm,aa0563191be642e08dbdd8bdb304b4e7,2026-05-28,success,
2026-05-28 20:00:04,17.74,0.8,0.85,0.5,555,257,0.4631,0.5224,lightgbm,aa0563191be642e08dbdd8bdb304b4e7,2026-05-28,success,
2026-05-28 20:15:04,17.15,0.8,0.85,0.5,555,256,0.4613,0.5209,lightgbm,aa0563191be642e08dbdd8bdb304b4e7,2026-05-28,success,
2026-05-28 20:30:04,17.63,0.8,0.85,0.5,555,256,0.4613,0.5194,lightgbm,aa0563191be642e08dbdd8bdb304b4e7,2026-05-28,success,
2026-05-28 20:45:04,17.34,0.8,0.85,0.5,531,238,0.4482,0.5133,lightgbm,aa0563191be642e08dbdd8bdb304b4e7,2026-05-28,success,
2026-05-28 21:00:04,17.01,0.8,0.85,0.5,531,237,0.4463,0.511,lightgbm,aa0563191be642e08dbdd8bdb304b4e7,2026-05-28,success,
2026-05-28 21:15:03,16.74,0.8,0.85,0.5,519,234,0.4509,0.5176,lightgbm,aa0563191be642e08dbdd8bdb304b4e7,2026-05-28,success,
2026-05-28 21:30:04,17.17,0.8,0.85,0.5,513,232,0.4522,0.5172,lightgbm,aa0563191be642e08dbdd8bdb304b4e7,2026-05-28,success,
2026-05-28 21:45:04,16.92,0.8,0.85,0.5,513,231,0.4503,0.5152,lightgbm,aa0563191be642e08dbdd8bdb304b4e7,2026-05-28,success,
2026-05-28 22:00:04,16.59,0.8,0.85,0.5,509,230,0.4519,0.5123,lightgbm,aa0563191be642e08dbdd8bdb304b4e7,2026-05-28,success,
2026-05-28 22:15:04,16.77,0.8,0.85,0.5,502,228,0.4542,0.5147,lightgbm,aa0563191be642e08dbdd8bdb304b4e7,2026-05-28,success,
2026-05-28 22:30:03,16.81,0.8,0.85,0.5,493,220,0.4462,0.5087,lightgbm,aa0563191be642e08dbdd8bdb304b4e7,2026-05-28,success,
2026-05-28 22:45:04,16.98,0.8,0.85,0.5,492,219,0.4451,0.5068,lightgbm,aa0563191be642e08dbdd8bdb304b4e7,2026-05-28,success,
2026-05-28 23:00:04,16.87,0.8,0.85,0.5,490,213,0.4347,0.5036,lightgbm,aa0563191be642e08dbdd8bdb304b4e7,2026-05-28,success,
2026-05-28 23:15:04,16.96,0.8,0.85,0.5,490,211,0.4306,0.5029,lightgbm,aa0563191be642e08dbdd8bdb304b4e7,2026-05-28,success,
2026-05-28 23:30:04,16.91,0.8,0.85,0.5,485,208,0.4289,0.5013,lightgbm,aa0563191be642e08dbdd8bdb304b4e7,2026-05-28,success,
2026-05-28 23:45:04,17.01,0.8,0.85,0.5,485,209,0.4309,0.5003,lightgbm,aa0563191be642e08dbdd8bdb304b4e7,2026-05-28,success,
2026-05-29 00:00:04,17.89,0.8,0.85,0.5,482,217,0.4502,0.514,lightgbm,aa0563191be642e08dbdd8bdb304b4e7,2026-05-28,success,
2026-05-29 06:00:04,16.66,0.8,0.85,0.5,415,199,0.4795,0.5231,lightgbm,1194abf647bf4434a74bf4796a5c77c7,2026-05-29,success,
2026-05-29 06:15:04,16.66,0.8,0.85,0.5,415,198,0.4771,0.5219,lightgbm,1194abf647bf4434a74bf4796a5c77c7,2026-05-29,success,
2026-05-29 06:30:03,16.7,0.8,0.85,0.5,422,199,0.4716,0.5225,lightgbm,1194abf647bf4434a74bf4796a5c77c7,2026-05-29,success,
2026-05-29 06:45:04,16.81,0.8,0.85,0.5,422,199,0.4716,0.5219,lightgbm,1194abf647bf4434a74bf4796a5c77c7,2026-05-29,success,
2026-05-29 07:00:03,16.73,0.8,0.85,0.5,422,199,0.4716,0.5218,lightgbm,1194abf647bf4434a74bf4796a5c77c7,2026-05-29,success,
2026-05-29 07:15:03,17.08,0.8,0.85,0.5,423,199,0.4704,0.5194,lightgbm,1194abf647bf4434a74bf4796a5c77c7,2026-05-29,success,
2026-05-29 07:30:04,17.51,0.8,0.85,0.5,423,199,0.4704,0.5192,lightgbm,1194abf647bf4434a74bf4796a5c77c7,2026-05-29,success,
2026-05-29 07:45:04,16.92,0.8,0.85,0.5,423,199,0.4704,0.5186,lightgbm,1194abf647bf4434a74bf4796a5c77c7,2026-05-29,success,
2026-05-29 08:00:04,16.64,0.8,0.85,0.5,449,208,0.4633,0.5143,lightgbm,1194abf647bf4434a74bf4796a5c77c7,2026-05-29,success,
2026-05-29 08:15:03,17.77,0.8,0.85,0.5,449,208,0.4633,0.5136,lightgbm,1194abf647bf4434a74bf4796a5c77c7,2026-05-29,success,
2026-05-29 08:30:04,17.1,0.8,0.85,0.5,456,212,0.4649,0.5158,lightgbm,1194abf647bf4434a74bf4796a5c77c7,2026-05-29,success,
2026-05-29 08:45:03,18.3,0.8,0.85,0.5,478,215,0.4498,0.5077,lightgbm,1194abf647bf4434a74bf4796a5c77c7,2026-05-29,success,
2026-05-29 09:00:04,17.32,0.8,0.85,0.5,487,217,0.4456,0.5076,lightgbm,1194abf647bf4434a74bf4796a5c77c7,2026-05-29,success,
2026-05-29 09:15:04,17.04,0.8,0.85,0.5,487,217,0.4456,0.5073,lightgbm,1194abf647bf4434a74bf4796a5c77c7,2026-05-29,success,
2026-05-29 09:30:04,17.28,0.8,0.85,0.5,502,228,0.4542,0.5124,lightgbm,1194abf647bf4434a74bf4796a5c77c7,2026-05-29,success,
2026-05-29 09:45:03,17.29,0.8,0.85,0.5,502,228,0.4542,0.5115,lightgbm,1194abf647bf4434a74bf4796a5c77c7,2026-05-29,success,
2026-05-29 10:00:04,16.89,0.8,0.85,0.5,504,223,0.4425,0.5024,lightgbm,1194abf647bf4434a74bf4796a5c77c7,2026-05-29,success,
2026-05-29 10:15:03,17.02,0.8,0.85,0.5,504,223,0.4425,0.5016,lightgbm,1194abf647bf4434a74bf4796a5c77c7,2026-05-29,success,
2026-05-29 10:30:04,17.01,0.8,0.85,0.5,520,234,0.45,0.5061,lightgbm,1194abf647bf4434a74bf4796a5c77c7,2026-05-29,success,
2026-05-29 10:45:03,17.53,0.8,0.85,0.5,520,234,0.45,0.505,lightgbm,1194abf647bf4434a74bf4796a5c77c7,2026-05-29,success,
2026-05-29 11:00:04,17.23,0.8,0.85,0.5,516,228,0.4419,0.499,lightgbm,1194abf647bf4434a74bf4796a5c77c7,2026-05-29,success,
2026-05-29 11:15:04,17.2,0.8,0.85,0.5,516,227,0.4399,0.4983,lightgbm,1194abf647bf4434a74bf4796a5c77c7,2026-05-29,success,
2026-05-29 11:30:04,17.16,0.8,0.85,0.5,518,222,0.4286,0.4924,lightgbm,1194abf647bf4434a74bf4796a5c77c7,2026-05-29,success,
2026-05-29 11:45:04,17.43,0.8,0.85,0.5,518,223,0.4305,0.4912,lightgbm,1194abf647bf4434a74bf4796a5c77c7,2026-05-29,success,
2026-05-29 12:00:04,17.05,0.8,0.85,0.5,518,226,0.4363,0.4961,lightgbm,1194abf647bf4434a74bf4796a5c77c7,2026-05-29,success,
2026-05-29 12:15:05,17.42,0.8,0.85,0.5,519,223,0.4297,0.492,lightgbm,1194abf647bf4434a74bf4796a5c77c7,2026-05-29,success,
2026-05-29 12:30:04,17.1,0.8,0.85,0.5,517,227,0.4391,0.4983,lightgbm,1194abf647bf4434a74bf4796a5c77c7,2026-05-29,success,
2026-05-29 12:45:04,17.1,0.8,0.85,0.5,514,225,0.4377,0.494,lightgbm,1194abf647bf4434a74bf4796a5c77c7,2026-05-29,success,
2026-05-29 13:00:04,17.03,0.8,0.85,0.5,514,224,0.4358,0.4946,lightgbm,1194abf647bf4434a74bf4796a5c77c7,2026-05-29,success,
2026-05-29 13:15:04,17.13,0.8,0.85,0.5,521,231,0.4434,0.4985,lightgbm,1194abf647bf4434a74bf4796a5c77c7,2026-05-29,success,
2026-05-29 13:30:04,17.46,0.8,0.85,0.5,521,228,0.4376,0.4949,lightgbm,1194abf647bf4434a74bf4796a5c77c7,2026-05-29,success,
2026-05-29 13:45:04,17.43,0.8,0.85,0.5,521,227,0.4357,0.4936,lightgbm,1194abf647bf4434a74bf4796a5c77c7,2026-05-29,success,
2026-05-29 14:00:04,17.33,0.8,0.85,0.5,534,231,0.4326,0.4946,lightgbm,1194abf647bf4434a74bf4796a5c77c7,2026-05-29,success,
2026-05-29 14:15:04,17.41,0.8,0.85,0.5,543,237,0.4365,0.4957,lightgbm,1194abf647bf4434a74bf4796a5c77c7,2026-05-29,success,
2026-05-29 14:30:04,17.26,0.8,0.85,0.5,543,234,0.4309,0.4933,lightgbm,1194abf647bf4434a74bf4796a5c77c7,2026-05-29,success,
2026-05-29 14:45:04,17.47,0.8,0.85,0.5,547,241,0.4406,0.4943,lightgbm,1194abf647bf4434a74bf4796a5c77c7,2026-05-29,success,
2026-05-29 15:00:04,17.82,0.8,0.85,0.5,547,241,0.4406,0.4929,lightgbm,1194abf647bf4434a74bf4796a5c77c7,2026-05-29,success,
2026-05-29 15:15:04,17.42,0.8,0.85,0.5,544,239,0.4393,0.4918,lightgbm,1194abf647bf4434a74bf4796a5c77c7,2026-05-29,success,
2026-05-29 15:30:04,17.49,0.8,0.85,0.5,544,238,0.4375,0.4897,lightgbm,1194abf647bf4434a74bf4796a5c77c7,2026-05-29,success,
2026-05-29 15:45:04,17.04,0.8,0.85,0.5,556,250,0.4496,0.5015,lightgbm,1194abf647bf4434a74bf4796a5c77c7,2026-05-29,success,
2026-05-29 16:00:03,17.14,0.8,0.85,0.5,556,248,0.446,0.5,lightgbm,1194abf647bf4434a74bf4796a5c77c7,2026-05-29,success,
2026-05-29 16:15:04,17.21,0.8,0.85,0.5,552,252,0.4565,0.5086,lightgbm,1194abf647bf4434a74bf4796a5c77c7,2026-05-29,success,
2026-05-29 16:30:04,17.33,0.8,0.85,0.5,552,252,0.4565,0.5069,lightgbm,1194abf647bf4434a74bf4796a5c77c7,2026-05-29,success,
2026-05-29 16:45:04,17.31,0.8,0.85,0.5,554,257,0.4639,0.5135,lightgbm,1194abf647bf4434a74bf4796a5c77c7,2026-05-29,success,
2026-05-29 17:00:04,17.75,0.8,0.85,0.5,554,256,0.4621,0.5117,lightgbm,1194abf647bf4434a74bf4796a5c77c7,2026-05-29,success,
2026-05-29 17:15:04,17.77,0.8,0.85,0.5,550,256,0.4655,0.5147,lightgbm,1194abf647bf4434a74bf4796a5c77c7,2026-05-29,success,
2026-05-29 17:30:03,17.4,0.8,0.85,0.5,554,257,0.4639,0.5179,lightgbm,1194abf647bf4434a74bf4796a5c77c7,2026-05-29,success,
2026-05-29 17:45:03,17.97,0.8,0.85,0.5,554,256,0.4621,0.5144,lightgbm,1194abf647bf4434a74bf4796a5c77c7,2026-05-29,success,
2026-05-29 18:00:04,17.72,0.8,0.85,0.5,579,268,0.4629,0.5166,lightgbm,1194abf647bf4434a74bf4796a5c77c7,2026-05-29,success,
2026-05-29 18:15:04,18.26,0.8,0.85,0.5,577,263,0.4558,0.513,lightgbm,1194abf647bf4434a74bf4796a5c77c7,2026-05-29,success,
2026-05-29 18:30:04,17.66,0.8,0.85,0.5,577,261,0.4523,0.5096,lightgbm,1194abf647bf4434a74bf4796a5c77c7,2026-05-29,success,
2026-05-29 18:45:04,17.2,0.8,0.85,0.5,579,271,0.468,0.5144,lightgbm,1194abf647bf4434a74bf4796a5c77c7,2026-05-29,success,
2026-05-29 19:00:04,17.48,0.8,0.85,0.5,579,271,0.468,0.5122,lightgbm,1194abf647bf4434a74bf4796a5c77c7,2026-05-29,success,
2026-05-29 19:15:04,17.52,0.8,0.85,0.5,575,269,0.4678,0.5112,lightgbm,1194abf647bf4434a74bf4796a5c77c7,2026-05-29,success,
2026-05-29 19:30:04,17.63,0.8,0.85,0.5,579,267,0.4611,0.51,lightgbm,1194abf647bf4434a74bf4796a5c77c7,2026-05-29,success,
2026-05-29 19:45:04,17.75,0.8,0.85,0.5,579,266,0.4594,0.5067,lightgbm,1194abf647bf4434a74bf4796a5c77c7,2026-05-29,success,
2026-05-29 20:00:03,17.73,0.8,0.85,0.5,571,256,0.4483,0.507,lightgbm,1194abf647bf4434a74bf4796a5c77c7,2026-05-29,success,
2026-05-29 20:15:04,18.26,0.8,0.85,0.5,580,256,0.4414,0.5042,lightgbm,1194abf647bf4434a74bf4796a5c77c7,2026-05-29,success,
2026-05-29 20:30:04,17.72,0.8,0.85,0.5,580,254,0.4379,0.5035,lightgbm,1194abf647bf4434a74bf4796a5c77c7,2026-05-29,success,
2026-05-29 20:45:04,17.71,0.8,0.85,0.5,561,242,0.4314,0.4983,lightgbm,1194abf647bf4434a74bf4796a5c77c7,2026-05-29,success,
2026-05-29 21:00:03,17.41,0.8,0.85,0.5,561,239,0.426,0.4967,lightgbm,1194abf647bf4434a74bf4796a5c77c7,2026-05-29,success,
2026-05-29 21:15:04,17.93,0.8,0.85,0.5,552,241,0.4366,0.4976,lightgbm,1194abf647bf4434a74bf4796a5c77c7,2026-05-29,success,
2026-05-29 21:30:04,17.6,0.8,0.85,0.5,552,241,0.4366,0.4961,lightgbm,1194abf647bf4434a74bf4796a5c77c7,2026-05-29,success,
2026-05-29 21:45:04,17.96,0.8,0.85,0.5,547,240,0.4388,0.4928,lightgbm,1194abf647bf4434a74bf4796a5c77c7,2026-05-29,success,
2026-05-29 22:00:04,17.61,0.8,0.85,0.5,545,240,0.4404,0.4953,lightgbm,1194abf647bf4434a74bf4796a5c77c7,2026-05-29,success,
2026-05-29 22:15:03,17.42,0.8,0.85,0.5,545,239,0.4385,0.4947,lightgbm,1194abf647bf4434a74bf4796a5c77c7,2026-05-29,success,
2026-05-29 22:30:04,17.85,0.8,0.85,0.5,543,238,0.4383,0.4955,lightgbm,1194abf647bf4434a74bf4796a5c77c7,2026-05-29,success,
2026-05-29 22:45:04,17.42,0.8,0.85,0.5,543,238,0.4383,0.495,lightgbm,1194abf647bf4434a74bf4796a5c77c7,2026-05-29,success,
2026-05-29 23:00:04,17.58,0.8,0.85,0.5,540,237,0.4389,0.4957,lightgbm,1194abf647bf4434a74bf4796a5c77c7,2026-05-29,success,
2026-05-29 23:15:04,17.6,0.8,0.85,0.5,540,236,0.437,0.495,lightgbm,1194abf647bf4434a74bf4796a5c77c7,2026-05-29,success,
2026-05-29 23:30:04,18.03,0.8,0.85,0.5,533,231,0.4334,0.4897,lightgbm,1194abf647bf4434a74bf4796a5c77c7,2026-05-29,success,
2026-05-29 23:45:03,17.51,0.8,0.85,0.5,533,228,0.4278,0.4888,lightgbm,1194abf647bf4434a74bf4796a5c77c7,2026-05-29,success,
2026-05-30 00:00:04,17.83,0.8,0.85,0.5,530,240,0.4528,0.5049,lightgbm,1194abf647bf4434a74bf4796a5c77c7,2026-05-29,success,
2026-05-30 06:00:04,17.86,0.8,0.85,0.5,471,207,0.4395,0.5103,lightgbm,8f87e6f7fdfe4a7898912c3a64978e23,2026-05-30,success,
2026-05-30 06:15:04,18.11,0.8,0.85,0.5,471,205,0.4352,0.5094,lightgbm,8f87e6f7fdfe4a7898912c3a64978e23,2026-05-30,success,
2026-05-30 06:30:04,17.63,0.8,0.85,0.5,471,205,0.4352,0.5085,lightgbm,8f87e6f7fdfe4a7898912c3a64978e23,2026-05-30,success,
2026-05-30 06:45:03,18.06,0.8,0.85,0.5,471,205,0.4352,0.5081,lightgbm,8f87e6f7fdfe4a7898912c3a64978e23,2026-05-30,success,
2026-05-30 07:00:04,18.3,0.8,0.85,0.5,471,205,0.4352,0.5088,lightgbm,8f87e6f7fdfe4a7898912c3a64978e23,2026-05-30,success,
2026-05-30 07:15:04,17.77,0.8,0.85,0.5,471,205,0.4352,0.5082,lightgbm,8f87e6f7fdfe4a7898912c3a64978e23,2026-05-30,success,
2026-05-30 07:30:04,18.14,0.8,0.85,0.5,475,212,0.4463,0.5156,lightgbm,8f87e6f7fdfe4a7898912c3a64978e23,2026-05-30,success,
2026-05-30 07:45:04,17.97,0.8,0.85,0.5,475,212,0.4463,0.5151,lightgbm,8f87e6f7fdfe4a7898912c3a64978e23,2026-05-30,success,
2026-05-30 08:00:04,17.51,0.8,0.85,0.5,476,212,0.4454,0.5143,lightgbm,8f87e6f7fdfe4a7898912c3a64978e23,2026-05-30,success,
2026-05-30 08:15:03,17.98,0.8,0.85,0.5,476,211,0.4433,0.5137,lightgbm,8f87e6f7fdfe4a7898912c3a64978e23,2026-05-30,success,
2026-05-30 08:30:04,17.75,0.8,0.85,0.5,476,210,0.4412,0.5135,lightgbm,8f87e6f7fdfe4a7898912c3a64978e23,2026-05-30,success,
2026-05-30 08:45:04,17.52,0.8,0.85,0.5,477,208,0.4361,0.5098,lightgbm,8f87e6f7fdfe4a7898912c3a64978e23,2026-05-30,success,
2026-05-30 09:00:04,18.7,0.8,0.85,0.5,477,208,0.4361,0.5092,lightgbm,8f87e6f7fdfe4a7898912c3a64978e23,2026-05-30,success,
2026-05-30 09:15:04,18.27,0.8,0.85,0.5,481,208,0.4324,0.5076,lightgbm,8f87e6f7fdfe4a7898912c3a64978e23,2026-05-30,success,
2026-05-30 09:30:04,17.7,0.8,0.85,0.5,481,208,0.4324,0.5073,lightgbm,8f87e6f7fdfe4a7898912c3a64978e23,2026-05-30,success,
2026-05-30 09:45:04,18.27,0.8,0.85,0.5,481,210,0.4366,0.512,lightgbm,8f87e6f7fdfe4a7898912c3a64978e23,2026-05-30,success,
2026-05-30 10:00:04,17.85,0.8,0.85,0.5,481,210,0.4366,0.5114,lightgbm,8f87e6f7fdfe4a7898912c3a64978e23,2026-05-30,success,
2026-05-30 10:15:04,18.02,0.8,0.85,0.5,456,206,0.4518,0.5194,lightgbm,8f87e6f7fdfe4a7898912c3a64978e23,2026-05-30,success,
2026-05-30 10:30:04,17.63,0.8,0.85,0.5,456,206,0.4518,0.519,lightgbm,8f87e6f7fdfe4a7898912c3a64978e23,2026-05-30,success,
2026-05-30 10:45:04,18.07,0.8,0.85,0.5,452,206,0.4558,0.5221,lightgbm,8f87e6f7fdfe4a7898912c3a64978e23,2026-05-30,success,
2026-05-30 11:00:03,18.89,0.8,0.85,0.5,452,205,0.4535,0.5213,lightgbm,8f87e6f7fdfe4a7898912c3a64978e23,2026-05-30,success,
2026-05-30 11:15:04,18.34,0.8,0.85,0.5,443,201,0.4537,0.5249,lightgbm,8f87e6f7fdfe4a7898912c3a64978e23,2026-05-30,success,
2026-05-30 11:30:03,18.5,0.8,0.85,0.5,443,199,0.4492,0.5238,lightgbm,8f87e6f7fdfe4a7898912c3a64978e23,2026-05-30,success,
2026-05-30 11:45:03,18.47,0.8,0.85,0.5,432,198,0.4583,0.5321,lightgbm,8f87e6f7fdfe4a7898912c3a64978e23,2026-05-30,success,
2026-05-30 12:00:03,18.01,0.8,0.85,0.5,432,196,0.4537,0.5303,lightgbm,8f87e6f7fdfe4a7898912c3a64978e23,2026-05-30,success,
2026-05-30 12:15:04,17.9,0.8,0.85,0.5,440,201,0.4568,0.5313,lightgbm,8f87e6f7fdfe4a7898912c3a64978e23,2026-05-30,success,
2026-05-30 12:30:04,17.79,0.8,0.85,0.5,427,198,0.4637,0.5364,lightgbm,8f87e6f7fdfe4a7898912c3a64978e23,2026-05-30,success,
2026-05-30 12:45:04,17.66,0.8,0.85,0.5,425,197,0.4635,0.5357,lightgbm,8f87e6f7fdfe4a7898912c3a64978e23,2026-05-30,success,
2026-05-30 13:00:03,17.88,0.8,0.85,0.5,425,197,0.4635,0.535,lightgbm,8f87e6f7fdfe4a7898912c3a64978e23,2026-05-30,success,
2026-05-30 13:15:03,17.87,0.8,0.85,0.5,402,189,0.4701,0.5378,lightgbm,8f87e6f7fdfe4a7898912c3a64978e23,2026-05-30,success,
2026-05-30 13:30:04,18.13,0.8,0.85,0.5,403,183,0.4541,0.5321,lightgbm,8f87e6f7fdfe4a7898912c3a64978e23,2026-05-30,success,
2026-05-30 13:45:04,18.14,0.8,0.85,0.5,403,183,0.4541,0.5308,lightgbm,8f87e6f7fdfe4a7898912c3a64978e23,2026-05-30,success,
2026-05-30 14:00:04,18.07,0.8,0.85,0.5,416,191,0.4591,0.5311,lightgbm,8f87e6f7fdfe4a7898912c3a64978e23,2026-05-30,success,
2026-05-30 14:15:04,19.33,0.8,0.85,0.5,416,190,0.4567,0.5299,lightgbm,8f87e6f7fdfe4a7898912c3a64978e23,2026-05-30,success,
2026-05-30 14:30:04,19.17,0.8,0.85,0.5,428,201,0.4696,0.5402,lightgbm,8f87e6f7fdfe4a7898912c3a64978e23,2026-05-30,success,
2026-05-30 14:45:04,18.71,0.8,0.85,0.5,428,200,0.4673,0.5395,lightgbm,8f87e6f7fdfe4a7898912c3a64978e23,2026-05-30,success,
2026-05-30 15:00:03,18.11,0.8,0.85,0.5,431,200,0.464,0.5361,lightgbm,8f87e6f7fdfe4a7898912c3a64978e23,2026-05-30,success,
2026-05-30 15:15:04,17.95,0.8,0.85,0.5,423,195,0.461,0.5325,lightgbm,8f87e6f7fdfe4a7898912c3a64978e23,2026-05-30,success,
2026-05-30 15:30:03,17.95,0.8,0.85,0.5,423,198,0.4681,0.5321,lightgbm,8f87e6f7fdfe4a7898912c3a64978e23,2026-05-30,success,
2026-05-30 15:45:04,18.0,0.8,0.85,0.5,440,207,0.4705,0.5384,lightgbm,8f87e6f7fdfe4a7898912c3a64978e23,2026-05-30,success,
2026-05-30 16:00:04,25.59,0.8,0.85,0.5,435,203,0.4667,0.5383,lightgbm,8f87e6f7fdfe4a7898912c3a64978e23,2026-05-30,success,
2026-05-30 16:15:03,23.01,0.8,0.85,0.5,435,202,0.4644,0.5362,lightgbm,8f87e6f7fdfe4a7898912c3a64978e23,2026-05-30,success,
2026-05-30 16:30:04,18.99,0.8,0.85,0.5,435,202,0.4644,0.5332,lightgbm,8f87e6f7fdfe4a7898912c3a64978e23,2026-05-30,success,
2026-05-30 16:45:03,18.05,0.8,0.85,0.5,435,202,0.4644,0.5302,lightgbm,8f87e6f7fdfe4a7898912c3a64978e23,2026-05-30,success,
2026-05-30 17:00:04,18.4,0.8,0.85,0.5,424,194,0.4575,0.524,lightgbm,8f87e6f7fdfe4a7898912c3a64978e23,2026-05-30,success,
2026-05-30 17:15:04,17.81,0.8,0.85,0.5,424,195,0.4599,0.5183,lightgbm,8f87e6f7fdfe4a7898912c3a64978e23,2026-05-30,success,
2026-05-30 17:30:04,18.23,0.8,0.85,0.5,420,194,0.4619,0.5174,lightgbm,8f87e6f7fdfe4a7898912c3a64978e23,2026-05-30,success,
2026-05-30 17:45:03,17.84,0.8,0.85,0.5,420,190,0.4524,0.5133,lightgbm,8f87e6f7fdfe4a7898912c3a64978e23,2026-05-30,success,
2026-05-30 18:00:04,18.37,0.8,0.85,0.5,420,190,0.4524,0.5126,lightgbm,8f87e6f7fdfe4a7898912c3a64978e23,2026-05-30,success,
2026-05-30 18:15:03,18.22,0.8,0.85,0.5,420,186,0.4429,0.5102,lightgbm,8f87e6f7fdfe4a7898912c3a64978e23,2026-05-30,success,
2026-05-30 18:30:05,21.52,0.8,0.85,0.5,430,198,0.4605,0.513,lightgbm,8f87e6f7fdfe4a7898912c3a64978e23,2026-05-30,success,
2026-05-30 18:45:04,18.45,0.8,0.85,0.5,430,191,0.4442,0.5076,lightgbm,8f87e6f7fdfe4a7898912c3a64978e23,2026-05-30,success,
2026-05-30 19:00:03,18.34,0.8,0.85,0.5,421,188,0.4466,0.5091,lightgbm,8f87e6f7fdfe4a7898912c3a64978e23,2026-05-30,success,
2026-05-30 19:15:03,18.5,0.8,0.85,0.5,421,185,0.4394,0.5055,lightgbm,8f87e6f7fdfe4a7898912c3a64978e23,2026-05-30,success,
2026-05-30 19:30:04,18.21,0.8,0.85,0.5,414,189,0.4565,0.5178,lightgbm,8f87e6f7fdfe4a7898912c3a64978e23,2026-05-30,success,
2026-05-30 19:45:04,18.2,0.8,0.85,0.5,414,182,0.4396,0.5159,lightgbm,8f87e6f7fdfe4a7898912c3a64978e23,2026-05-30,success,
2026-05-30 20:00:04,18.24,0.8,0.85,0.5,396,179,0.452,0.5262,lightgbm,8f87e6f7fdfe4a7898912c3a64978e23,2026-05-30,success,
2026-05-30 20:15:03,18.34,0.8,0.85,0.5,396,178,0.4495,0.5244,lightgbm,8f87e6f7fdfe4a7898912c3a64978e23,2026-05-30,success,
2026-05-30 20:30:04,22.32,0.8,0.85,0.5,391,175,0.4476,0.5202,lightgbm,8f87e6f7fdfe4a7898912c3a64978e23,2026-05-30,success,
2026-05-30 20:45:06,26.85,0.8,0.85,0.5,386,174,0.4508,0.516,lightgbm,8f87e6f7fdfe4a7898912c3a64978e23,2026-05-30,success,
2026-05-30 21:00:05,26.04,0.8,0.85,0.5,386,174,0.4508,0.515,lightgbm,8f87e6f7fdfe4a7898912c3a64978e23,2026-05-30,success,
2026-05-30 21:15:06,26.98,0.8,0.85,0.5,386,176,0.456,0.5133,lightgbm,8f87e6f7fdfe4a7898912c3a64978e23,2026-05-30,success,
2026-05-30 21:30:05,26.62,0.8,0.85,0.5,386,176,0.456,0.5126,lightgbm,8f87e6f7fdfe4a7898912c3a64978e23,2026-05-30,success,
2026-05-30 21:45:06,27.48,0.8,0.85,0.5,380,169,0.4447,0.5021,lightgbm,8f87e6f7fdfe4a7898912c3a64978e23,2026-05-30,success,
2026-05-30 22:02:37,18.18,0.8,0.85,0.5,376,164,0.4362,0.4997,lightgbm,8f87e6f7fdfe4a7898912c3a64978e23,2026-05-30,success,
2026-05-30 22:15:15,18.3,0.8,0.85,0.5,376,164,0.4362,0.499,lightgbm,8f87e6f7fdfe4a7898912c3a64978e23,2026-05-30,success,
2026-05-30 22:30:16,18.45,0.8,0.85,0.5,375,167,0.4453,0.5,lightgbm,8f87e6f7fdfe4a7898912c3a64978e23,2026-05-30,success,
2026-05-30 22:45:15,18.38,0.8,0.85,0.5,375,167,0.4453,0.4992,lightgbm,8f87e6f7fdfe4a7898912c3a64978e23,2026-05-30,success,
2026-05-30 23:00:16,18.69,0.8,0.85,0.5,369,165,0.4472,0.5,lightgbm,8f87e6f7fdfe4a7898912c3a64978e23,2026-05-30,success,
2026-05-30 23:15:16,18.25,0.8,0.85,0.5,369,165,0.4472,0.4993,lightgbm,8f87e6f7fdfe4a7898912c3a64978e23,2026-05-30,success,
2026-05-30 23:30:15,18.67,0.8,0.85,0.5,365,163,0.4466,0.5001,lightgbm,8f87e6f7fdfe4a7898912c3a64978e23,2026-05-30,success,
2026-05-30 23:45:16,18.81,0.8,0.85,0.5,365,163,0.4466,0.499,lightgbm,8f87e6f7fdfe4a7898912c3a64978e23,2026-05-30,success,
2026-05-31 00:00:16,18.41,0.8,0.85,0.5,364,168,0.4615,0.5106,lightgbm,8f87e6f7fdfe4a7898912c3a64978e23,2026-05-30,success,
2026-05-31 06:00:18,19.19,0.8,0.85,0.5,332,162,0.488,0.5492,lightgbm,0e560673fad5456b8cb6f96302f7e144,2026-05-31,success,
2026-05-31 06:15:16,18.37,0.8,0.85,0.5,332,162,0.488,0.5488,lightgbm,0e560673fad5456b8cb6f96302f7e144,2026-05-31,success,
2026-05-31 06:30:16,18.47,0.8,0.85,0.5,332,162,0.488,0.5484,lightgbm,0e560673fad5456b8cb6f96302f7e144,2026-05-31,success,
2026-05-31 06:45:15,18.21,0.8,0.85,0.5,332,162,0.488,0.5477,lightgbm,0e560673fad5456b8cb6f96302f7e144,2026-05-31,success,
2026-05-31 07:00:17,18.21,0.8,0.85,0.5,345,172,0.4986,0.5551,lightgbm,0e560673fad5456b8cb6f96302f7e144,2026-05-31,success,
2026-05-31 07:15:15,18.64,0.8,0.85,0.5,345,172,0.4986,0.554,lightgbm,0e560673fad5456b8cb6f96302f7e144,2026-05-31,success,
2026-05-31 07:30:16,18.26,0.8,0.85,0.5,355,177,0.4986,0.5579,lightgbm,0e560673fad5456b8cb6f96302f7e144,2026-05-31,success,
2026-05-31 07:45:15,18.17,0.8,0.85,0.5,355,176,0.4958,0.5569,lightgbm,0e560673fad5456b8cb6f96302f7e144,2026-05-31,success,
2026-05-31 08:00:16,18.32,0.8,0.85,0.5,355,177,0.4986,0.5575,lightgbm,0e560673fad5456b8cb6f96302f7e144,2026-05-31,success,
2026-05-31 08:15:16,18.05,0.8,0.85,0.5,355,176,0.4958,0.5565,lightgbm,0e560673fad5456b8cb6f96302f7e144,2026-05-31,success,
2026-05-31 08:30:17,18.69,0.8,0.85,0.5,375,195,0.52,0.5704,lightgbm,0e560673fad5456b8cb6f96302f7e144,2026-05-31,success,
2026-05-31 08:45:16,18.39,0.8,0.85,0.5,375,194,0.5173,0.5693,lightgbm,0e560673fad5456b8cb6f96302f7e144,2026-05-31,success,
2026-05-31 09:00:16,18.41,0.8,0.85,0.5,405,212,0.5235,0.5761,lightgbm,0e560673fad5456b8cb6f96302f7e144,2026-05-31,success,
2026-05-31 09:15:16,18.08,0.8,0.85,0.5,404,210,0.5198,0.5739,lightgbm,0e560673fad5456b8cb6f96302f7e144,2026-05-31,success,
2026-05-31 09:30:16,18.06,0.8,0.85,0.5,404,210,0.5198,0.5729,lightgbm,0e560673fad5456b8cb6f96302f7e144,2026-05-31,success,
2026-05-31 09:45:16,18.28,0.8,0.85,0.5,428,222,0.5187,0.5747,lightgbm,0e560673fad5456b8cb6f96302f7e144,2026-05-31,success,
2026-05-31 10:00:16,18.37,0.8,0.85,0.5,426,224,0.5258,0.5762,lightgbm,0e560673fad5456b8cb6f96302f7e144,2026-05-31,success,
2026-05-31 10:15:18,18.63,0.8,0.85,0.5,436,228,0.5229,0.5744,lightgbm,0e560673fad5456b8cb6f96302f7e144,2026-05-31,success,
2026-05-31 10:30:16,19.01,0.8,0.85,0.5,436,226,0.5183,0.5727,lightgbm,0e560673fad5456b8cb6f96302f7e144,2026-05-31,success,
2026-05-31 10:45:16,18.5,0.8,0.85,0.5,441,230,0.5215,0.5733,lightgbm,0e560673fad5456b8cb6f96302f7e144,2026-05-31,success,
2026-05-31 11:00:16,18.51,0.8,0.85,0.5,440,227,0.5159,0.5682,lightgbm,0e560673fad5456b8cb6f96302f7e144,2026-05-31,success,
2026-05-31 11:15:16,19.1,0.8,0.85,0.5,440,226,0.5136,0.5674,lightgbm,0e560673fad5456b8cb6f96302f7e144,2026-05-31,success,
2026-05-31 11:30:16,18.79,0.8,0.85,0.5,437,226,0.5172,0.5695,lightgbm,0e560673fad5456b8cb6f96302f7e144,2026-05-31,success,
2026-05-31 11:45:16,18.55,0.8,0.85,0.5,437,226,0.5172,0.5681,lightgbm,0e560673fad5456b8cb6f96302f7e144,2026-05-31,success,
2026-05-31 12:00:15,18.9,0.8,0.85,0.5,431,224,0.5197,0.5713,lightgbm,0e560673fad5456b8cb6f96302f7e144,2026-05-31,success,
2026-05-31 12:15:16,19.54,0.8,0.85,0.5,430,222,0.5163,0.5741,lightgbm,0e560673fad5456b8cb6f96302f7e144,2026-05-31,success,
2026-05-31 12:30:15,18.29,0.8,0.85,0.5,430,219,0.5093,0.5724,lightgbm,0e560673fad5456b8cb6f96302f7e144,2026-05-31,success,
2026-05-31 12:45:16,18.71,0.8,0.85,0.5,430,220,0.5116,0.5709,lightgbm,0e560673fad5456b8cb6f96302f7e144,2026-05-31,success,
2026-05-31 13:00:16,18.58,0.8,0.85,0.5,430,216,0.5023,0.5687,lightgbm,0e560673fad5456b8cb6f96302f7e144,2026-05-31,success,
2026-05-31 13:15:16,19.07,0.8,0.85,0.5,425,220,0.5176,0.572,lightgbm,0e560673fad5456b8cb6f96302f7e144,2026-05-31,success,
2026-05-31 13:30:15,18.94,0.8,0.85,0.5,425,213,0.5012,0.5671,lightgbm,0e560673fad5456b8cb6f96302f7e144,2026-05-31,success,
2026-05-31 13:45:16,18.8,0.8,0.85,0.5,418,210,0.5024,0.5696,lightgbm,0e560673fad5456b8cb6f96302f7e144,2026-05-31,success,
2026-05-31 14:00:16,18.43,0.8,0.85,0.5,414,209,0.5048,0.5753,lightgbm,0e560673fad5456b8cb6f96302f7e144,2026-05-31,success,
2026-05-31 14:15:16,18.59,0.8,0.85,0.5,414,206,0.4976,0.5718,lightgbm,0e560673fad5456b8cb6f96302f7e144,2026-05-31,success,
2026-05-31 14:30:16,18.5,0.8,0.85,0.5,399,203,0.5088,0.5677,lightgbm,0e560673fad5456b8cb6f96302f7e144,2026-05-31,success,
2026-05-31 14:45:16,18.48,0.8,0.85,0.5,399,203,0.5088,0.5665,lightgbm,0e560673fad5456b8cb6f96302f7e144,2026-05-31,success,
2026-05-31 15:00:16,19.1,0.8,0.85,0.5,400,216,0.54,0.5812,lightgbm,0e560673fad5456b8cb6f96302f7e144,2026-05-31,success,
2026-05-31 15:15:15,18.76,0.8,0.85,0.5,400,214,0.535,0.5788,lightgbm,0e560673fad5456b8cb6f96302f7e144,2026-05-31,success,
2026-05-31 15:30:18,18.87,0.8,0.85,0.5,412,222,0.5388,0.5854,lightgbm,0e560673fad5456b8cb6f96302f7e144,2026-05-31,success,
2026-05-31 15:45:15,19.19,0.8,0.85,0.5,412,222,0.5388,0.5837,lightgbm,0e560673fad5456b8cb6f96302f7e144,2026-05-31,success,
2026-05-31 16:00:18,18.82,0.8,0.85,0.5,426,239,0.561,0.6007,lightgbm,0e560673fad5456b8cb6f96302f7e144,2026-05-31,success,
2026-05-31 16:15:17,19.17,0.8,0.85,0.5,426,239,0.561,0.5989,lightgbm,0e560673fad5456b8cb6f96302f7e144,2026-05-31,success,
2026-05-31 16:30:16,18.97,0.8,0.85,0.5,421,233,0.5534,0.5925,lightgbm,0e560673fad5456b8cb6f96302f7e144,2026-05-31,success,
2026-05-31 16:45:16,18.86,0.8,0.85,0.5,417,230,0.5516,0.5932,lightgbm,0e560673fad5456b8cb6f96302f7e144,2026-05-31,success,
2026-05-31 16:54:21,18.88,0.8,0.85,0.5,417,231,0.554,0.5919,lightgbm,0e560673fad5456b8cb6f96302f7e144,2026-05-31,success,
2026-05-31 17:00:17,19.09,0.8,0.85,0.5,421,229,0.5439,0.5897,lightgbm,0e560673fad5456b8cb6f96302f7e144,2026-05-31,success,
2026-05-31 17:15:16,18.9,0.8,0.85,0.5,421,227,0.5392,0.5883,lightgbm,0e560673fad5456b8cb6f96302f7e144,2026-05-31,success,
2026-05-31 17:30:15,18.99,0.8,0.85,0.5,415,225,0.5422,0.5882,lightgbm,0e560673fad5456b8cb6f96302f7e144,2026-05-31,success,
2026-05-31 17:45:16,19.35,0.8,0.85,0.5,419,224,0.5346,0.5792,lightgbm,0e560673fad5456b8cb6f96302f7e144,2026-05-31,success,
2026-05-31 18:00:16,18.4,0.8,0.85,0.5,419,222,0.5298,0.5737,lightgbm,0e560673fad5456b8cb6f96302f7e144,2026-05-31,success,
2026-05-31 18:15:17,18.58,0.8,0.85,0.5,432,228,0.5278,0.5736,lightgbm,0e560673fad5456b8cb6f96302f7e144,2026-05-31,success,
2026-05-31 18:30:16,18.53,0.8,0.85,0.5,432,228,0.5278,0.5708,lightgbm,0e560673fad5456b8cb6f96302f7e144,2026-05-31,success,
2026-05-31 18:45:16,18.86,0.8,0.85,0.5,423,213,0.5035,0.5529,lightgbm,0e560673fad5456b8cb6f96302f7e144,2026-05-31,success,
2026-05-31 19:00:15,19.21,0.8,0.85,0.5,423,210,0.4965,0.5492,lightgbm,0e560673fad5456b8cb6f96302f7e144,2026-05-31,success,
2026-05-31 19:15:16,18.71,0.8,0.85,0.5,415,201,0.4843,0.5376,lightgbm,0e560673fad5456b8cb6f96302f7e144,2026-05-31,success,
2026-05-31 19:30:15,18.83,0.8,0.85,0.5,415,200,0.4819,0.5362,lightgbm,0e560673fad5456b8cb6f96302f7e144,2026-05-31,success,
2026-05-31 19:45:16,18.99,0.8,0.85,0.5,408,208,0.5098,0.5601,lightgbm,0e560673fad5456b8cb6f96302f7e144,2026-05-31,success,
2026-05-31 20:00:16,19.07,0.8,0.85,0.5,408,206,0.5049,0.5565,lightgbm,0e560673fad5456b8cb6f96302f7e144,2026-05-31,success,
2026-05-31 20:15:15,18.9,0.8,0.85,0.5,397,199,0.5013,0.5533,lightgbm,0e560673fad5456b8cb6f96302f7e144,2026-05-31,success,
2026-05-31 20:30:16,18.82,0.8,0.85,0.5,397,195,0.4912,0.548,lightgbm,0e560673fad5456b8cb6f96302f7e144,2026-05-31,success,
2026-05-31 20:45:15,19.0,0.8,0.85,0.5,397,194,0.4887,0.5448,lightgbm,0e560673fad5456b8cb6f96302f7e144,2026-05-31,success,
2026-05-31 21:00:16,18.59,0.8,0.85,0.5,396,188,0.4747,0.5413,lightgbm,0e560673fad5456b8cb6f96302f7e144,2026-05-31,success,
2026-05-31 21:15:16,18.8,0.8,0.85,0.5,392,185,0.4719,0.5394,lightgbm,0e560673fad5456b8cb6f96302f7e144,2026-05-31,success,
2026-05-31 21:30:16,18.9,0.8,0.85,0.5,392,182,0.4643,0.5366,lightgbm,0e560673fad5456b8cb6f96302f7e144,2026-05-31,success,
2026-05-31 21:45:16,18.94,0.8,0.85,0.5,392,181,0.4617,0.5355,lightgbm,0e560673fad5456b8cb6f96302f7e144,2026-05-31,success,
2026-05-31 22:00:15,19.27,0.8,0.85,0.5,396,187,0.4722,0.5414,lightgbm,0e560673fad5456b8cb6f96302f7e144,2026-05-31,success,
2026-05-31 22:15:16,19.3,0.8,0.85,0.5,393,189,0.4809,0.5468,lightgbm,0e560673fad5456b8cb6f96302f7e144,2026-05-31,success,
2026-05-31 22:30:16,18.79,0.8,0.85,0.5,393,188,0.4784,0.5464,lightgbm,0e560673fad5456b8cb6f96302f7e144,2026-05-31,success,
2026-05-31 22:45:16,18.91,0.8,0.85,0.5,389,186,0.4781,0.5454,lightgbm,0e560673fad5456b8cb6f96302f7e144,2026-05-31,success,
2026-05-31 23:00:16,19.21,0.8,0.85,0.5,389,186,0.4781,0.5451,lightgbm,0e560673fad5456b8cb6f96302f7e144,2026-05-31,success,
2026-05-31 23:15:15,18.93,0.8,0.85,0.5,388,184,0.4742,0.543,lightgbm,0e560673fad5456b8cb6f96302f7e144,2026-05-31,success,
2026-05-31 23:30:16,19.23,0.8,0.85,0.5,384,181,0.4714,0.5411,lightgbm,0e560673fad5456b8cb6f96302f7e144,2026-05-31,success,
2026-05-31 23:45:17,19.41,0.8,0.85,0.5,384,181,0.4714,0.5403,lightgbm,0e560673fad5456b8cb6f96302f7e144,2026-05-31,success,
2026-06-01 00:00:16,18.89,0.8,0.85,0.5,380,189,0.4974,0.558,lightgbm,0e560673fad5456b8cb6f96302f7e144,2026-05-31,success,
2026-06-01 06:00:17,19.19,0.8,0.85,0.5,325,166,0.5108,0.5724,lightgbm,f76c02606a48437781a9381a0c57d9b0,2026-06-01,success,
2026-06-01 06:15:16,19.44,0.8,0.85,0.5,325,166,0.5108,0.572,lightgbm,f76c02606a48437781a9381a0c57d9b0,2026-06-01,success,
2026-06-01 06:30:16,19.13,0.8,0.85,0.5,348,186,0.5345,0.5816,lightgbm,f76c02606a48437781a9381a0c57d9b0,2026-06-01,success,
2026-06-01 06:45:16,19.1,0.8,0.85,0.5,348,186,0.5345,0.5808,lightgbm,f76c02606a48437781a9381a0c57d9b0,2026-06-01,success,
2026-06-01 07:00:16,19.16,0.8,0.85,0.5,348,186,0.5345,0.5822,lightgbm,f76c02606a48437781a9381a0c57d9b0,2026-06-01,success,
2026-06-01 07:15:16,18.75,0.8,0.85,0.5,353,192,0.5439,0.5859,lightgbm,f76c02606a48437781a9381a0c57d9b0,2026-06-01,success,
2026-06-01 07:30:16,18.92,0.8,0.85,0.5,351,190,0.5413,0.5844,lightgbm,f76c02606a48437781a9381a0c57d9b0,2026-06-01,success,
2026-06-01 07:45:16,18.98,0.8,0.85,0.5,351,189,0.5385,0.5835,lightgbm,f76c02606a48437781a9381a0c57d9b0,2026-06-01,success,
2026-06-01 08:00:17,19.88,0.8,0.85,0.5,358,190,0.5307,0.5772,lightgbm,f76c02606a48437781a9381a0c57d9b0,2026-06-01,success,
2026-06-01 08:15:16,19.43,0.8,0.85,0.5,358,189,0.5279,0.5766,lightgbm,f76c02606a48437781a9381a0c57d9b0,2026-06-01,success,
2026-06-01 08:30:16,19.54,0.8,0.85,0.5,395,203,0.5139,0.5696,lightgbm,f76c02606a48437781a9381a0c57d9b0,2026-06-01,success,
2026-06-01 08:45:16,19.02,0.8,0.85,0.5,395,203,0.5139,0.5693,lightgbm,f76c02606a48437781a9381a0c57d9b0,2026-06-01,success,
2026-06-01 09:00:17,19.03,0.8,0.85,0.5,408,208,0.5098,0.5677,lightgbm,f76c02606a48437781a9381a0c57d9b0,2026-06-01,success,
2026-06-01 09:15:16,19.4,0.8,0.85,0.5,408,208,0.5098,0.5673,lightgbm,f76c02606a48437781a9381a0c57d9b0,2026-06-01,success,
2026-06-01 09:30:17,19.09,0.8,0.85,0.5,419,210,0.5012,0.56,lightgbm,f76c02606a48437781a9381a0c57d9b0,2026-06-01,success,
2026-06-01 09:45:16,18.9,0.8,0.85,0.5,419,207,0.494,0.5583,lightgbm,f76c02606a48437781a9381a0c57d9b0,2026-06-01,success,
2026-06-01 10:00:17,19.92,0.8,0.85,0.5,457,229,0.5011,0.5641,lightgbm,f76c02606a48437781a9381a0c57d9b0,2026-06-01,success,
2026-06-01 10:15:16,19.13,0.8,0.85,0.5,457,228,0.4989,0.5628,lightgbm,f76c02606a48437781a9381a0c57d9b0,2026-06-01,success,
2026-06-01 10:30:18,20.01,0.8,0.85,0.5,491,242,0.4929,0.5564,lightgbm,f76c02606a48437781a9381a0c57d9b0,2026-06-01,success,
2026-06-01 10:45:17,19.58,0.8,0.85,0.5,490,246,0.502,0.5631,lightgbm,f76c02606a48437781a9381a0c57d9b0,2026-06-01,success,
2026-06-01 11:00:16,19.06,0.8,0.85,0.5,490,245,0.5,0.5623,lightgbm,f76c02606a48437781a9381a0c57d9b0,2026-06-01,success,
2026-06-01 11:15:16,18.88,0.8,0.85,0.5,492,249,0.5061,0.5678,lightgbm,f76c02606a48437781a9381a0c57d9b0,2026-06-01,success,
2026-06-01 11:30:16,19.8,0.8,0.85,0.5,492,249,0.5061,0.5663,lightgbm,f76c02606a48437781a9381a0c57d9b0,2026-06-01,success,
2026-06-01 11:45:16,18.87,0.8,0.85,0.5,494,246,0.498,0.5661,lightgbm,f76c02606a48437781a9381a0c57d9b0,2026-06-01,success,
2026-06-01 12:00:15,19.33,0.8,0.85,0.5,494,245,0.496,0.5649,lightgbm,f76c02606a48437781a9381a0c57d9b0,2026-06-01,success,
2026-06-01 12:15:17,19.81,0.8,0.85,0.5,485,244,0.5031,0.5672,lightgbm,f76c02606a48437781a9381a0c57d9b0,2026-06-01,success,
2026-06-01 12:30:16,19.53,0.8,0.85,0.5,485,244,0.5031,0.5663,lightgbm,f76c02606a48437781a9381a0c57d9b0,2026-06-01,success,
2026-06-01 12:45:16,19.57,0.8,0.85,0.5,485,245,0.5052,0.5696,lightgbm,f76c02606a48437781a9381a0c57d9b0,2026-06-01,success,
2026-06-01 13:00:16,19.41,0.8,0.85,0.5,485,245,0.5052,0.5669,lightgbm,f76c02606a48437781a9381a0c57d9b0,2026-06-01,success,
2026-06-01 13:15:16,19.22,0.8,0.85,0.5,483,243,0.5031,0.5663,lightgbm,f76c02606a48437781a9381a0c57d9b0,2026-06-01,success,
2026-06-01 13:30:16,19.6,0.8,0.85,0.5,483,239,0.4948,0.5622,lightgbm,f76c02606a48437781a9381a0c57d9b0,2026-06-01,success,
2026-06-01 13:45:19,20.13,0.8,0.85,0.5,531,272,0.5122,0.5694,lightgbm,f76c02606a48437781a9381a0c57d9b0,2026-06-01,success,
2026-06-01 14:00:16,19.88,0.8,0.85,0.5,531,271,0.5104,0.5689,lightgbm,f76c02606a48437781a9381a0c57d9b0,2026-06-01,success,
2026-06-01 14:15:16,19.4,0.8,0.85,0.5,526,271,0.5152,0.5727,lightgbm,f76c02606a48437781a9381a0c57d9b0,2026-06-01,success,
2026-06-01 14:30:17,19.29,0.8,0.85,0.5,538,274,0.5093,0.5651,lightgbm,f76c02606a48437781a9381a0c57d9b0,2026-06-01,success,
2026-06-01 14:45:17,19.17,0.8,0.85,0.5,528,280,0.5303,0.5791,lightgbm,f76c02606a48437781a9381a0c57d9b0,2026-06-01,success,
2026-06-01 15:00:17,19.28,0.8,0.85,0.5,528,279,0.5284,0.5778,lightgbm,f76c02606a48437781a9381a0c57d9b0,2026-06-01,success,
2026-06-01 15:15:16,19.5,0.8,0.85,0.5,522,273,0.523,0.5754,lightgbm,f76c02606a48437781a9381a0c57d9b0,2026-06-01,success,
2026-06-01 15:30:17,19.51,0.8,0.85,0.5,519,266,0.5125,0.5726,lightgbm,f76c02606a48437781a9381a0c57d9b0,2026-06-01,success,
2026-06-01 15:45:16,19.54,0.8,0.85,0.5,519,263,0.5067,0.5695,lightgbm,f76c02606a48437781a9381a0c57d9b0,2026-06-01,success,
2026-06-01 16:00:16,19.72,0.8,0.85,0.5,519,261,0.5029,0.5702,lightgbm,f76c02606a48437781a9381a0c57d9b0,2026-06-01,success,
2026-06-01 16:15:16,19.83,0.8,0.85,0.5,519,261,0.5029,0.5689,lightgbm,f76c02606a48437781a9381a0c57d9b0,2026-06-01,success,
2026-06-01 16:30:17,21.6,0.8,0.85,0.5,519,274,0.5279,0.5818,lightgbm,f76c02606a48437781a9381a0c57d9b0,2026-06-01,success,
2026-06-01 16:45:17,19.47,0.8,0.85,0.5,510,267,0.5235,0.5799,lightgbm,f76c02606a48437781a9381a0c57d9b0,2026-06-01,success,
2026-06-01 17:00:16,19.82,0.8,0.85,0.5,510,265,0.5196,0.5771,lightgbm,f76c02606a48437781a9381a0c57d9b0,2026-06-01,success,
2026-06-01 17:15:16,20.0,0.8,0.85,0.5,521,272,0.5221,0.583,lightgbm,f76c02606a48437781a9381a0c57d9b0,2026-06-01,success,
2026-06-01 17:30:16,19.64,0.8,0.85,0.5,521,266,0.5106,0.5782,lightgbm,f76c02606a48437781a9381a0c57d9b0,2026-06-01,success,
2026-06-01 17:45:18,19.63,0.8,0.85,0.5,533,273,0.5122,0.5791,lightgbm,f76c02606a48437781a9381a0c57d9b0,2026-06-01,success,
2026-06-01 18:00:17,19.23,0.8,0.85,0.5,533,268,0.5028,0.5766,lightgbm,f76c02606a48437781a9381a0c57d9b0,2026-06-01,success,
2026-06-01 18:15:16,19.3,0.8,0.85,0.5,528,275,0.5208,0.5867,lightgbm,f76c02606a48437781a9381a0c57d9b0,2026-06-01,success,
2026-06-01 18:30:17,19.85,0.8,0.85,0.5,540,281,0.5204,0.5869,lightgbm,f76c02606a48437781a9381a0c57d9b0,2026-06-01,success,
2026-06-01 18:45:16,19.58,0.8,0.85,0.5,540,276,0.5111,0.5817,lightgbm,f76c02606a48437781a9381a0c57d9b0,2026-06-01,success,
2026-06-01 19:00:17,19.7,0.8,0.85,0.5,534,268,0.5019,0.5786,lightgbm,f76c02606a48437781a9381a0c57d9b0,2026-06-01,success,
2026-06-01 19:15:16,19.49,0.8,0.85,0.5,534,268,0.5019,0.5769,lightgbm,f76c02606a48437781a9381a0c57d9b0,2026-06-01,success,
2026-06-01 19:30:17,19.3,0.8,0.85,0.5,518,260,0.5019,0.5721,lightgbm,f76c02606a48437781a9381a0c57d9b0,2026-06-01,success,
2026-06-01 19:45:16,19.49,0.8,0.85,0.5,518,259,0.5,0.57,lightgbm,f76c02606a48437781a9381a0c57d9b0,2026-06-01,success,
2026-06-01 20:00:17,19.29,0.8,0.85,0.5,522,264,0.5057,0.5758,lightgbm,f76c02606a48437781a9381a0c57d9b0,2026-06-01,success,
2026-06-01 20:15:16,19.67,0.8,0.85,0.5,522,264,0.5057,0.5746,lightgbm,f76c02606a48437781a9381a0c57d9b0,2026-06-01,success,
2026-06-01 20:30:16,19.44,0.8,0.85,0.5,519,262,0.5048,0.5774,lightgbm,f76c02606a48437781a9381a0c57d9b0,2026-06-01,success,
2026-06-01 20:45:16,19.59,0.8,0.85,0.5,516,259,0.5019,0.575,lightgbm,f76c02606a48437781a9381a0c57d9b0,2026-06-01,success,
2026-06-01 21:00:17,19.93,0.8,0.85,0.5,516,258,0.5,0.5728,lightgbm,f76c02606a48437781a9381a0c57d9b0,2026-06-01,success,
2026-06-01 21:15:17,20.13,0.8,0.85,0.5,510,251,0.4922,0.5658,lightgbm,f76c02606a48437781a9381a0c57d9b0,2026-06-01,success,
2026-06-01 21:30:16,19.5,0.8,0.85,0.5,510,250,0.4902,0.5649,lightgbm,f76c02606a48437781a9381a0c57d9b0,2026-06-01,success,
2026-06-01 21:45:17,19.6,0.8,0.85,0.5,501,250,0.499,0.5642,lightgbm,f76c02606a48437781a9381a0c57d9b0,2026-06-01,success,
2026-06-01 22:00:17,19.76,0.8,0.85,0.5,497,248,0.499,0.5641,lightgbm,f76c02606a48437781a9381a0c57d9b0,2026-06-01,success,
2026-06-01 22:15:16,19.7,0.8,0.85,0.5,497,247,0.497,0.5633,lightgbm,f76c02606a48437781a9381a0c57d9b0,2026-06-01,success,
2026-06-01 22:30:16,19.96,0.8,0.85,0.5,496,247,0.498,0.5622,lightgbm,f76c02606a48437781a9381a0c57d9b0,2026-06-01,success,
2026-06-01 22:45:16,19.75,0.8,0.85,0.5,495,251,0.5071,0.5682,lightgbm,f76c02606a48437781a9381a0c57d9b0,2026-06-01,success,
2026-06-01 23:00:16,19.61,0.8,0.85,0.5,495,250,0.5051,0.5669,lightgbm,f76c02606a48437781a9381a0c57d9b0,2026-06-01,success,
2026-06-01 23:15:16,19.96,0.8,0.85,0.5,494,250,0.5061,0.5672,lightgbm,f76c02606a48437781a9381a0c57d9b0,2026-06-01,success,
2026-06-01 23:30:16,19.8,0.8,0.85,0.5,490,251,0.5122,0.5713,lightgbm,f76c02606a48437781a9381a0c57d9b0,2026-06-01,success,
2026-06-01 23:45:16,20.02,0.8,0.85,0.5,490,251,0.5122,0.5708,lightgbm,f76c02606a48437781a9381a0c57d9b0,2026-06-01,success,
2026-06-02 00:00:16,19.68,0.8,0.85,0.5,489,256,0.5235,0.5846,lightgbm,f76c02606a48437781a9381a0c57d9b0,2026-06-01,success,
2026-06-02 06:00:18,20.04,0.8,0.85,0.5,409,216,0.5281,0.5802,lightgbm,f76c02606a48437781a9381a0c57d9b0,2026-06-01,success,
2026-06-02 06:15:16,19.91,0.8,0.85,0.5,409,216,0.5281,0.5799,lightgbm,f76c02606a48437781a9381a0c57d9b0,2026-06-01,success,
2026-06-02 06:30:17,20.16,0.8,0.85,0.5,414,219,0.529,0.5812,lightgbm,f76c02606a48437781a9381a0c57d9b0,2026-06-01,success,
2026-06-02 06:45:16,19.81,0.8,0.85,0.5,414,219,0.529,0.5806,lightgbm,f76c02606a48437781a9381a0c57d9b0,2026-06-01,success,
2026-06-02 07:00:16,20.35,0.8,0.85,0.5,426,226,0.5305,0.5809,lightgbm,f76c02606a48437781a9381a0c57d9b0,2026-06-01,success,
2026-06-02 07:15:17,19.82,0.8,0.85,0.5,426,226,0.5305,0.5804,lightgbm,f76c02606a48437781a9381a0c57d9b0,2026-06-01,success,
2026-06-02 07:30:17,20.22,0.8,0.85,0.5,426,226,0.5305,0.58,lightgbm,f76c02606a48437781a9381a0c57d9b0,2026-06-01,success,
2026-06-02 07:45:17,20.17,0.8,0.85,0.5,429,225,0.5245,0.579,lightgbm,f76c02606a48437781a9381a0c57d9b0,2026-06-01,success,
2026-06-02 08:00:16,19.8,0.8,0.85,0.5,429,226,0.5268,0.5787,lightgbm,f76c02606a48437781a9381a0c57d9b0,2026-06-01,success,
2026-06-02 08:15:16,19.91,0.8,0.85,0.5,440,228,0.5182,0.5778,lightgbm,f76c02606a48437781a9381a0c57d9b0,2026-06-01,success,
2026-06-02 08:30:16,19.7,0.8,0.85,0.5,440,228,0.5182,0.5793,lightgbm,f76c02606a48437781a9381a0c57d9b0,2026-06-01,success,
2026-06-02 08:45:16,19.85,0.8,0.85,0.5,440,228,0.5182,0.5786,lightgbm,f76c02606a48437781a9381a0c57d9b0,2026-06-01,success,
2026-06-02 09:00:16,20.31,0.8,0.85,0.5,446,232,0.5202,0.5799,lightgbm,f76c02606a48437781a9381a0c57d9b0,2026-06-01,success,
2026-06-02 09:15:17,19.87,0.8,0.85,0.5,453,240,0.5298,0.5843,lightgbm,f76c02606a48437781a9381a0c57d9b0,2026-06-01,success,
2026-06-02 09:30:17,20.17,0.8,0.85,0.5,453,240,0.5298,0.5837,lightgbm,f76c02606a48437781a9381a0c57d9b0,2026-06-01,success,
2026-06-02 09:45:19,21.5,0.8,0.85,0.5,458,243,0.5306,0.5836,lightgbm,f76c02606a48437781a9381a0c57d9b0,2026-06-01,success,
2026-06-02 10:00:19,21.94,0.8,0.85,0.5,465,244,0.5247,0.579,lightgbm,f76c02606a48437781a9381a0c57d9b0,2026-06-01,success,
2026-06-02 10:15:17,20.66,0.8,0.85,0.5,465,244,0.5247,0.5787,lightgbm,f76c02606a48437781a9381a0c57d9b0,2026-06-01,success,
2026-06-02 10:30:19,21.1,0.8,0.85,0.5,488,252,0.5164,0.5747,lightgbm,f76c02606a48437781a9381a0c57d9b0,2026-06-01,success,
2026-06-02 10:45:17,21.74,0.8,0.85,0.5,488,252,0.5164,0.5741,lightgbm,f76c02606a48437781a9381a0c57d9b0,2026-06-01,success,
2026-06-02 11:00:18,22.58,0.8,0.85,0.5,487,251,0.5154,0.5726,lightgbm,f76c02606a48437781a9381a0c57d9b0,2026-06-01,success,
2026-06-02 11:15:19,21.19,0.8,0.85,0.5,501,260,0.519,0.5757,lightgbm,f76c02606a48437781a9381a0c57d9b0,2026-06-01,success,
2026-06-02 11:30:17,21.01,0.8,0.85,0.5,501,259,0.517,0.5752,lightgbm,f76c02606a48437781a9381a0c57d9b0,2026-06-01,success,
2026-06-02 11:45:19,20.82,0.8,0.85,0.5,515,266,0.5165,0.5736,lightgbm,f76c02606a48437781a9381a0c57d9b0,2026-06-01,success,
2026-06-02 12:00:18,23.5,0.8,0.85,0.5,515,266,0.5165,0.5728,lightgbm,f76c02606a48437781a9381a0c57d9b0,2026-06-01,success,
2026-06-02 12:15:20,26.2,0.8,0.85,0.5,520,273,0.525,0.5772,lightgbm,f76c02606a48437781a9381a0c57d9b0,2026-06-01,success,
2026-06-02 12:30:20,25.31,0.8,0.85,0.5,519,272,0.5241,0.5757,lightgbm,f76c02606a48437781a9381a0c57d9b0,2026-06-01,success,
2026-06-02 12:45:23,25.97,0.8,0.85,0.5,525,275,0.5238,0.5747,lightgbm,f76c02606a48437781a9381a0c57d9b0,2026-06-01,success,
2026-06-02 13:00:20,24.89,0.8,0.85,0.5,525,275,0.5238,0.5736,lightgbm,f76c02606a48437781a9381a0c57d9b0,2026-06-01,success,
2026-06-02 13:15:19,24.45,0.8,0.85,0.5,524,275,0.5248,0.5757,lightgbm,f76c02606a48437781a9381a0c57d9b0,2026-06-01,success,
2026-06-02 13:30:21,25.24,0.8,0.85,0.5,524,273,0.521,0.572,lightgbm,f76c02606a48437781a9381a0c57d9b0,2026-06-01,success,
2026-06-02 13:45:21,25.6,0.8,0.85,0.5,555,293,0.5279,0.577,lightgbm,f76c02606a48437781a9381a0c57d9b0,2026-06-01,success,
2026-06-02 14:00:20,26.47,0.8,0.85,0.5,555,294,0.5297,0.5757,lightgbm,f76c02606a48437781a9381a0c57d9b0,2026-06-01,success,
2026-06-02 14:15:19,24.18,0.8,0.85,0.5,551,293,0.5318,0.5738,lightgbm,f76c02606a48437781a9381a0c57d9b0,2026-06-01,success,
2026-06-02 14:30:21,23.7,0.8,0.85,0.5,551,293,0.5318,0.5749,lightgbm,f76c02606a48437781a9381a0c57d9b0,2026-06-01,success,
2026-06-02 14:45:18,22.28,0.8,0.85,0.5,551,291,0.5281,0.5732,lightgbm,f76c02606a48437781a9381a0c57d9b0,2026-06-01,success,
2026-06-02 15:00:20,22.5,0.8,0.85,0.5,542,290,0.5351,0.5833,lightgbm,f76c02606a48437781a9381a0c57d9b0,2026-06-01,success,
2026-06-02 15:15:19,23.5,0.8,0.85,0.5,542,291,0.5369,0.5802,lightgbm,f76c02606a48437781a9381a0c57d9b0,2026-06-01,success,
2026-06-02 15:30:19,25.11,0.8,0.85,0.5,539,290,0.538,0.5788,lightgbm,f76c02606a48437781a9381a0c57d9b0,2026-06-01,success,
2026-06-02 15:45:17,21.4,0.8,0.85,0.5,539,286,0.5306,0.5753,lightgbm,f76c02606a48437781a9381a0c57d9b0,2026-06-01,success,
2026-06-02 16:00:17,22.37,0.8,0.85,0.5,530,282,0.5321,0.575,lightgbm,f76c02606a48437781a9381a0c57d9b0,2026-06-01,success,
2026-06-02 16:15:18,22.58,0.8,0.85,0.5,530,281,0.5302,0.5727,lightgbm,f76c02606a48437781a9381a0c57d9b0,2026-06-01,success,
2026-06-02 16:30:20,24.96,0.8,0.85,0.5,540,286,0.5296,0.5752,lightgbm,f76c02606a48437781a9381a0c57d9b0,2026-06-01,success,
2026-06-02 16:45:20,23.0,0.8,0.85,0.5,540,284,0.5259,0.5731,lightgbm,f76c02606a48437781a9381a0c57d9b0,2026-06-01,success,
2026-06-02 17:00:18,24.12,0.8,0.85,0.5,535,275,0.514,0.5673,lightgbm,f76c02606a48437781a9381a0c57d9b0,2026-06-01,success,
2026-06-02 17:15:19,21.4,0.8,0.85,0.5,538,274,0.5093,0.5673,lightgbm,f76c02606a48437781a9381a0c57d9b0,2026-06-01,success,
2026-06-02 17:30:17,21.55,0.8,0.85,0.5,538,274,0.5093,0.5652,lightgbm,f76c02606a48437781a9381a0c57d9b0,2026-06-01,success,
2026-06-02 17:45:20,22.49,0.8,0.85,0.5,565,301,0.5327,0.5774,lightgbm,f76c02606a48437781a9381a0c57d9b0,2026-06-01,success,
2026-06-02 18:00:18,23.17,0.8,0.85,0.5,565,301,0.5327,0.576,lightgbm,f76c02606a48437781a9381a0c57d9b0,2026-06-01,success,
2026-06-02 18:15:18,23.56,0.8,0.85,0.5,570,305,0.5351,0.5816,lightgbm,f76c02606a48437781a9381a0c57d9b0,2026-06-01,success,
2026-06-02 18:30:18,22.83,0.8,0.85,0.5,570,303,0.5316,0.5784,lightgbm,f76c02606a48437781a9381a0c57d9b0,2026-06-01,success,
2026-06-02 18:45:18,22.14,0.8,0.85,0.5,561,296,0.5276,0.576,lightgbm,f76c02606a48437781a9381a0c57d9b0,2026-06-01,success,
2026-06-02 19:00:18,22.23,0.8,0.85,0.5,561,293,0.5223,0.5725,lightgbm,f76c02606a48437781a9381a0c57d9b0,2026-06-01,success,
2026-06-02 19:15:18,21.18,0.8,0.85,0.5,541,283,0.5231,0.5702,lightgbm,f76c02606a48437781a9381a0c57d9b0,2026-06-01,success,
2026-06-02 19:30:17,20.72,0.8,0.85,0.5,541,280,0.5176,0.5658,lightgbm,f76c02606a48437781a9381a0c57d9b0,2026-06-01,success,
2026-06-02 19:45:17,21.24,0.8,0.85,0.5,528,270,0.5114,0.5628,lightgbm,f76c02606a48437781a9381a0c57d9b0,2026-06-01,success,
2026-06-02 20:00:17,21.33,0.8,0.85,0.5,528,267,0.5057,0.5604,lightgbm,f76c02606a48437781a9381a0c57d9b0,2026-06-01,success,
2026-06-02 20:15:17,22.02,0.8,0.85,0.5,521,264,0.5067,0.5619,lightgbm,f76c02606a48437781a9381a0c57d9b0,2026-06-01,success,
2026-06-02 20:30:18,21.5,0.8,0.85,0.5,507,261,0.5148,0.5659,lightgbm,f76c02606a48437781a9381a0c57d9b0,2026-06-01,success,
2026-06-02 20:45:18,21.21,0.8,0.85,0.5,507,259,0.5108,0.5629,lightgbm,f76c02606a48437781a9381a0c57d9b0,2026-06-01,success,
2026-06-02 21:00:17,21.69,0.8,0.85,0.5,497,257,0.5171,0.5671,lightgbm,f76c02606a48437781a9381a0c57d9b0,2026-06-01,success,
2026-06-02 21:15:18,22.43,0.8,0.85,0.5,497,253,0.5091,0.5643,lightgbm,f76c02606a48437781a9381a0c57d9b0,2026-06-01,success,
2026-06-02 21:30:18,20.78,0.8,0.85,0.5,497,253,0.5091,0.5632,lightgbm,f76c02606a48437781a9381a0c57d9b0,2026-06-01,success,
2026-06-02 21:45:17,21.12,0.8,0.85,0.5,497,252,0.507,0.5604,lightgbm,f76c02606a48437781a9381a0c57d9b0,2026-06-01,success,
2026-06-02 22:00:16,20.66,0.8,0.85,0.5,497,247,0.497,0.5587,lightgbm,f76c02606a48437781a9381a0c57d9b0,2026-06-01,success,
2026-06-02 22:15:17,20.69,0.8,0.85,0.5,469,228,0.4861,0.5512,lightgbm,f76c02606a48437781a9381a0c57d9b0,2026-06-01,success,
2026-06-02 22:30:17,20.52,0.8,0.85,0.5,469,228,0.4861,0.549,lightgbm,f76c02606a48437781a9381a0c57d9b0,2026-06-01,success,
2026-06-02 22:45:17,20.69,0.8,0.85,0.5,456,220,0.4825,0.5437,lightgbm,f76c02606a48437781a9381a0c57d9b0,2026-06-01,success,
2026-06-02 23:00:16,20.75,0.8,0.85,0.5,456,219,0.4803,0.5425,lightgbm,f76c02606a48437781a9381a0c57d9b0,2026-06-01,success,
2026-06-02 23:15:16,21.12,0.8,0.85,0.5,453,217,0.479,0.544,lightgbm,f76c02606a48437781a9381a0c57d9b0,2026-06-01,success,
2026-06-02 23:30:17,20.78,0.8,0.85,0.5,451,216,0.4789,0.5451,lightgbm,f76c02606a48437781a9381a0c57d9b0,2026-06-01,success,
2026-06-02 23:45:16,20.61,0.8,0.85,0.5,451,216,0.4789,0.5441,lightgbm,f76c02606a48437781a9381a0c57d9b0,2026-06-01,success,
2026-06-03 00:00:16,21.02,0.8,0.85,0.5,445,223,0.5011,0.5555,lightgbm,f76c02606a48437781a9381a0c57d9b0,2026-06-01,success,
2026-06-03 06:00:18,22.97,0.8,0.85,0.5,407,193,0.4742,0.5443,lightgbm,f76c02606a48437781a9381a0c57d9b0,2026-06-01,success,
2026-06-03 06:15:17,21.32,0.8,0.85,0.5,407,192,0.4717,0.5436,lightgbm,f76c02606a48437781a9381a0c57d9b0,2026-06-01,success,
2026-06-03 06:30:17,22.74,0.8,0.85,0.5,416,196,0.4712,0.5444,lightgbm,f76c02606a48437781a9381a0c57d9b0,2026-06-01,success,
2026-06-03 06:45:16,23.41,0.8,0.85,0.5,416,196,0.4712,0.5439,lightgbm,f76c02606a48437781a9381a0c57d9b0,2026-06-01,success,
2026-06-03 07:00:16,20.38,0.8,0.85,0.5,419,198,0.4726,0.5451,lightgbm,f76c02606a48437781a9381a0c57d9b0,2026-06-01,success,
2026-06-03 07:15:17,20.89,0.8,0.85,0.5,442,215,0.4864,0.5505,lightgbm,f76c02606a48437781a9381a0c57d9b0,2026-06-01,success,
2026-06-03 07:30:17,22.52,0.8,0.85,0.5,442,215,0.4864,0.5499,lightgbm,f76c02606a48437781a9381a0c57d9b0,2026-06-01,success,
2026-06-03 07:45:17,21.17,0.8,0.85,0.5,442,215,0.4864,0.5498,lightgbm,f76c02606a48437781a9381a0c57d9b0,2026-06-01,success,
2026-06-03 08:00:17,22.91,0.8,0.85,0.5,469,231,0.4925,0.5521,lightgbm,f76c02606a48437781a9381a0c57d9b0,2026-06-01,success,
2026-06-03 08:15:18,22.4,0.8,0.85,0.5,469,230,0.4904,0.5512,lightgbm,f76c02606a48437781a9381a0c57d9b0,2026-06-01,success,
2026-06-03 08:30:17,20.62,0.8,0.85,0.5,469,230,0.4904,0.551,lightgbm,f76c02606a48437781a9381a0c57d9b0,2026-06-01,success,
2026-06-03 08:45:17,20.85,0.8,0.85,0.5,475,236,0.4968,0.5529,lightgbm,f76c02606a48437781a9381a0c57d9b0,2026-06-01,success,
2026-06-03 09:00:18,22.49,0.8,0.85,0.5,475,234,0.4926,0.5515,lightgbm,f76c02606a48437781a9381a0c57d9b0,2026-06-01,success,
2026-06-03 09:15:16,20.9,0.8,0.85,0.5,475,234,0.4926,0.551,lightgbm,f76c02606a48437781a9381a0c57d9b0,2026-06-01,success,
2026-06-03 09:30:18,22.86,0.8,0.85,0.5,,,,,,,,failed,"The feature names should match those that were passed during fit.
Feature names seen at fit time, yet now missing:
- offer_stock
"
2026-06-03 09:45:18,21.43,0.8,0.85,0.5,513,193,0.3762,0.4333,lightgbm,85ca74c8fbe44e729b44c1584597ca85,2026-06-03,success,
2026-06-03 10:00:16,21.18,0.8,0.85,0.5,513,189,0.3684,0.4323,lightgbm,85ca74c8fbe44e729b44c1584597ca85,2026-06-03,success,
2026-06-03 10:15:17,22.18,0.8,0.85,0.5,515,185,0.3592,0.4273,lightgbm,85ca74c8fbe44e729b44c1584597ca85,2026-06-03,success,
2026-06-03 10:30:17,25.61,0.8,0.85,0.5,515,184,0.3573,0.4261,lightgbm,85ca74c8fbe44e729b44c1584597ca85,2026-06-03,success,
2026-06-03 10:45:20,26.1,0.8,0.85,0.5,535,189,0.3533,0.423,lightgbm,85ca74c8fbe44e729b44c1584597ca85,2026-06-03,success,
2026-06-03 11:00:18,25.8,0.8,0.85,0.5,535,189,0.3533,0.4213,lightgbm,85ca74c8fbe44e729b44c1584597ca85,2026-06-03,success,
2026-06-03 11:15:17,21.06,0.8,0.85,0.5,532,187,0.3515,0.421,lightgbm,85ca74c8fbe44e729b44c1584597ca85,2026-06-03,success,
2026-06-03 11:30:19,25.19,0.8,0.85,0.5,530,188,0.3547,0.422,lightgbm,85ca74c8fbe44e729b44c1584597ca85,2026-06-03,success,
2026-06-03 11:45:17,21.5,0.8,0.85,0.5,530,185,0.3491,0.4204,lightgbm,85ca74c8fbe44e729b44c1584597ca85,2026-06-03,success,
2026-06-03 12:00:18,25.9,0.8,0.85,0.5,520,186,0.3577,0.4269,lightgbm,85ca74c8fbe44e729b44c1584597ca85,2026-06-03,success,
2026-06-03 12:15:18,23.18,0.8,0.85,0.5,520,186,0.3577,0.426,lightgbm,85ca74c8fbe44e729b44c1584597ca85,2026-06-03,success,
2026-06-03 12:30:17,21.7,0.8,0.85,0.5,511,187,0.3659,0.4281,lightgbm,85ca74c8fbe44e729b44c1584597ca85,2026-06-03,success,
2026-06-03 12:45:17,23.39,0.8,0.85,0.5,511,187,0.3659,0.4264,lightgbm,85ca74c8fbe44e729b44c1584597ca85,2026-06-03,success,
2026-06-03 13:00:18,22.21,0.8,0.85,0.5,510,190,0.3725,0.4289,lightgbm,85ca74c8fbe44e729b44c1584597ca85,2026-06-03,success,
2026-06-03 13:15:18,22.78,0.8,0.85,0.5,510,187,0.3667,0.4275,lightgbm,85ca74c8fbe44e729b44c1584597ca85,2026-06-03,success,
2026-06-03 13:30:19,23.13,0.8,0.85,0.5,522,220,0.4215,0.4699,lightgbm,85ca74c8fbe44e729b44c1584597ca85,2026-06-03,success,
2026-06-03 13:45:18,22.66,0.8,0.85,0.5,519,219,0.422,0.4686,lightgbm,85ca74c8fbe44e729b44c1584597ca85,2026-06-03,success,
2026-06-03 14:00:17,21.87,0.8,0.85,0.5,519,218,0.42,0.4678,lightgbm,85ca74c8fbe44e729b44c1584597ca85,2026-06-03,success,
2026-06-03 14:15:18,21.99,0.8,0.85,0.5,521,212,0.4069,0.4631,lightgbm,85ca74c8fbe44e729b44c1584597ca85,2026-06-03,success,
2026-06-03 14:30:17,21.1,0.8,0.85,0.5,521,195,0.3743,0.4325,lightgbm,85ca74c8fbe44e729b44c1584597ca85,2026-06-03,success,
2026-06-03 14:45:17,21.92,0.8,0.85,0.5,521,193,0.3704,0.4296,lightgbm,85ca74c8fbe44e729b44c1584597ca85,2026-06-03,success,
2026-06-03 15:00:17,21.7,0.8,0.85,0.5,512,190,0.3711,0.4318,lightgbm,85ca74c8fbe44e729b44c1584597ca85,2026-06-03,success,
2026-06-03 15:15:17,21.04,0.8,0.85,0.5,512,185,0.3613,0.4272,lightgbm,85ca74c8fbe44e729b44c1584597ca85,2026-06-03,success,
2026-06-03 15:30:17,23.02,0.8,0.85,0.5,516,185,0.3585,0.4286,lightgbm,85ca74c8fbe44e729b44c1584597ca85,2026-06-03,success,
2026-06-03 15:45:19,23.54,0.8,0.85,0.5,514,183,0.356,0.4298,lightgbm,85ca74c8fbe44e729b44c1584597ca85,2026-06-03,success,
2026-06-03 16:00:18,23.64,0.8,0.85,0.5,514,185,0.3599,0.4296,lightgbm,85ca74c8fbe44e729b44c1584597ca85,2026-06-03,success,
2026-06-03 16:15:18,24.32,0.8,0.85,0.5,514,184,0.358,0.4283,lightgbm,85ca74c8fbe44e729b44c1584597ca85,2026-06-03,success,
2026-06-03 16:30:17,21.73,0.8,0.85,0.5,514,183,0.356,0.4256,lightgbm,85ca74c8fbe44e729b44c1584597ca85,2026-06-03,success,
2026-06-03 16:45:19,21.0,0.8,0.85,0.5,530,186,0.3509,0.4266,lightgbm,85ca74c8fbe44e729b44c1584597ca85,2026-06-03,success,
2026-06-03 17:00:16,24.55,0.8,0.85,0.5,530,186,0.3509,0.4232,lightgbm,85ca74c8fbe44e729b44c1584597ca85,2026-06-03,success,
2026-06-03 17:15:18,23.68,0.8,0.85,0.5,535,196,0.3664,0.4228,lightgbm,85ca74c8fbe44e729b44c1584597ca85,2026-06-03,success,
2026-06-03 17:30:18,22.21,0.8,0.85,0.5,557,199,0.3573,0.419,lightgbm,85ca74c8fbe44e729b44c1584597ca85,2026-06-03,success,
2026-06-03 17:45:17,22.62,0.8,0.85,0.5,557,194,0.3483,0.4154,lightgbm,85ca74c8fbe44e729b44c1584597ca85,2026-06-03,success,
2026-06-03 18:00:18,22.51,0.8,0.85,0.5,553,197,0.3562,0.4219,lightgbm,85ca74c8fbe44e729b44c1584597ca85,2026-06-03,success,
2026-06-03 18:15:17,22.35,0.8,0.85,0.5,553,195,0.3526,0.4183,lightgbm,85ca74c8fbe44e729b44c1584597ca85,2026-06-03,success,
2026-06-03 18:30:18,24.86,0.8,0.85,0.5,560,196,0.35,0.4231,lightgbm,85ca74c8fbe44e729b44c1584597ca85,2026-06-03,success,
2026-06-03 18:45:20,23.6,0.8,0.85,0.5,560,188,0.3357,0.4134,lightgbm,85ca74c8fbe44e729b44c1584597ca85,2026-06-03,success,
2026-06-03 19:00:18,23.9,0.8,0.85,0.5,552,181,0.3279,0.4144,lightgbm,85ca74c8fbe44e729b44c1584597ca85,2026-06-03,success,
2026-06-03 19:15:17,21.84,0.8,0.85,0.5,552,177,0.3207,0.4117,lightgbm,85ca74c8fbe44e729b44c1584597ca85,2026-06-03,success,
2026-06-03 19:30:18,21.29,0.8,0.85,0.5,553,174,0.3146,0.4032,lightgbm,85ca74c8fbe44e729b44c1584597ca85,2026-06-03,success,
2026-06-03 19:45:18,21.99,0.8,0.85,0.5,553,170,0.3074,0.399,lightgbm,85ca74c8fbe44e729b44c1584597ca85,2026-06-03,success,
2026-06-03 20:00:18,22.1,0.8,0.85,0.5,557,178,0.3196,0.4056,lightgbm,85ca74c8fbe44e729b44c1584597ca85,2026-06-03,success,
2026-06-03 20:15:17,24.32,0.8,0.85,0.5,557,176,0.316,0.4036,lightgbm,85ca74c8fbe44e729b44c1584597ca85,2026-06-03,success,
2026-06-03 20:30:18,23.67,0.8,0.85,0.5,532,175,0.3289,0.4112,lightgbm,85ca74c8fbe44e729b44c1584597ca85,2026-06-03,success,
2026-06-03 20:45:17,24.54,0.8,0.85,0.5,532,173,0.3252,0.4079,lightgbm,85ca74c8fbe44e729b44c1584597ca85,2026-06-03,success,
2026-06-03 21:00:18,27.7,0.8,0.85,0.5,525,164,0.3124,0.4034,lightgbm,85ca74c8fbe44e729b44c1584597ca85,2026-06-03,success,
2026-06-03 21:15:17,21.52,0.8,0.85,0.5,525,157,0.299,0.399,lightgbm,85ca74c8fbe44e729b44c1584597ca85,2026-06-03,success,
2026-06-03 21:30:17,21.24,0.8,0.85,0.5,511,153,0.2994,0.3987,lightgbm,85ca74c8fbe44e729b44c1584597ca85,2026-06-03,success,
2026-06-03 21:45:17,22.11,0.8,0.85,0.5,511,152,0.2975,0.3971,lightgbm,85ca74c8fbe44e729b44c1584597ca85,2026-06-03,success,
2026-06-03 22:00:18,24.3,0.8,0.85,0.5,511,151,0.2955,0.3962,lightgbm,85ca74c8fbe44e729b44c1584597ca85,2026-06-03,success,
2026-06-03 22:15:17,22.47,0.8,0.85,0.5,511,151,0.2955,0.3951,lightgbm,85ca74c8fbe44e729b44c1584597ca85,2026-06-03,success,
2026-06-03 22:30:18,22.52,0.8,0.85,0.5,502,153,0.3048,0.4005,lightgbm,85ca74c8fbe44e729b44c1584597ca85,2026-06-03,success,
2026-06-03 22:45:17,22.51,0.8,0.85,0.5,502,153,0.3048,0.3993,lightgbm,85ca74c8fbe44e729b44c1584597ca85,2026-06-03,success,
2026-06-03 23:00:18,22.32,0.8,0.85,0.5,498,151,0.3032,0.3973,lightgbm,85ca74c8fbe44e729b44c1584597ca85,2026-06-03,success,
2026-06-03 23:15:17,21.27,0.8,0.85,0.5,498,151,0.3032,0.3967,lightgbm,85ca74c8fbe44e729b44c1584597ca85,2026-06-03,success,
2026-06-03 23:30:17,22.51,0.8,0.85,0.5,496,153,0.3085,0.4002,lightgbm,85ca74c8fbe44e729b44c1584597ca85,2026-06-03,success,
2026-06-03 23:45:17,22.7,0.8,0.85,0.5,496,153,0.3085,0.3992,lightgbm,85ca74c8fbe44e729b44c1584597ca85,2026-06-03,success,
2026-06-04 00:00:17,21.49,0.8,0.85,0.5,492,167,0.3394,0.4186,lightgbm,85ca74c8fbe44e729b44c1584597ca85,2026-06-03,success,
2026-06-04 06:00:18,21.43,0.8,0.85,0.5,432,140,0.3241,0.4155,lightgbm,85ca74c8fbe44e729b44c1584597ca85,2026-06-03,success,
2026-06-04 06:15:17,21.0,0.8,0.85,0.5,432,140,0.3241,0.415,lightgbm,85ca74c8fbe44e729b44c1584597ca85,2026-06-03,success,
2026-06-04 06:30:18,21.51,0.8,0.85,0.5,464,159,0.3427,0.4208,lightgbm,85ca74c8fbe44e729b44c1584597ca85,2026-06-03,success,
2026-06-04 06:45:17,22.09,0.8,0.85,0.5,464,160,0.3448,0.4202,lightgbm,85ca74c8fbe44e729b44c1584597ca85,2026-06-03,success,
2026-06-04 07:00:18,21.43,0.8,0.85,0.5,471,166,0.3524,0.4238,lightgbm,85ca74c8fbe44e729b44c1584597ca85,2026-06-03,success,
2026-06-04 07:15:16,21.23,0.8,0.85,0.5,471,164,0.3482,0.4232,lightgbm,85ca74c8fbe44e729b44c1584597ca85,2026-06-03,success,
2026-06-04 07:30:16,21.06,0.8,0.85,0.5,471,162,0.3439,0.4225,lightgbm,85ca74c8fbe44e729b44c1584597ca85,2026-06-03,success,
2026-06-04 07:45:17,21.67,0.8,0.85,0.5,471,162,0.3439,0.4225,lightgbm,85ca74c8fbe44e729b44c1584597ca85,2026-06-03,success,
2026-06-04 08:00:16,21.19,0.8,0.85,0.5,471,160,0.3397,0.422,lightgbm,85ca74c8fbe44e729b44c1584597ca85,2026-06-03,success,
2026-06-04 08:15:17,21.66,0.8,0.85,0.5,485,162,0.334,0.418,lightgbm,85ca74c8fbe44e729b44c1584597ca85,2026-06-03,success,
2026-06-04 08:30:17,21.73,0.8,0.85,0.5,485,162,0.334,0.4166,lightgbm,85ca74c8fbe44e729b44c1584597ca85,2026-06-03,success,
2026-06-04 08:45:18,21.2,0.8,0.85,0.5,532,176,0.3308,0.4194,lightgbm,85ca74c8fbe44e729b44c1584597ca85,2026-06-03,success,
2026-06-04 09:00:17,21.93,0.8,0.85,0.5,532,176,0.3308,0.4185,lightgbm,85ca74c8fbe44e729b44c1584597ca85,2026-06-03,success,
2026-06-04 09:15:17,21.7,0.8,0.85,0.5,525,177,0.3371,0.4206,lightgbm,85ca74c8fbe44e729b44c1584597ca85,2026-06-03,success,
2026-06-04 09:30:18,21.17,0.8,0.85,0.5,538,177,0.329,0.4172,lightgbm,85ca74c8fbe44e729b44c1584597ca85,2026-06-03,success,
2026-06-04 09:45:17,21.72,0.8,0.85,0.5,555,185,0.3333,0.4187,lightgbm,85ca74c8fbe44e729b44c1584597ca85,2026-06-03,success,
2026-06-04 10:00:17,21.96,0.8,0.85,0.5,555,181,0.3261,0.4163,lightgbm,85ca74c8fbe44e729b44c1584597ca85,2026-06-03,success,
2026-06-04 10:15:18,22.24,0.8,0.85,0.5,565,222,0.3929,0.4483,lightgbm,85ca74c8fbe44e729b44c1584597ca85,2026-06-03,success,
2026-06-04 10:30:19,25.51,0.8,0.85,0.5,565,223,0.3947,0.4467,lightgbm,85ca74c8fbe44e729b44c1584597ca85,2026-06-03,success,
2026-06-04 10:45:17,21.41,0.8,0.85,0.5,576,226,0.3924,0.4471,lightgbm,85ca74c8fbe44e729b44c1584597ca85,2026-06-03,success,
2026-06-04 11:00:16,21.76,0.8,0.85,0.5,576,223,0.3872,0.4454,lightgbm,85ca74c8fbe44e729b44c1584597ca85,2026-06-03,success,
2026-06-04 11:15:18,21.55,0.8,0.85,0.5,586,198,0.3379,0.4186,lightgbm,85ca74c8fbe44e729b44c1584597ca85,2026-06-03,success,
2026-06-04 11:30:17,22.03,0.8,0.85,0.5,587,201,0.3424,0.4241,lightgbm,85ca74c8fbe44e729b44c1584597ca85,2026-06-03,success,
2026-06-04 11:45:17,21.59,0.8,0.85,0.5,587,198,0.3373,0.4219,lightgbm,85ca74c8fbe44e729b44c1584597ca85,2026-06-03,success,
2026-06-04 12:00:17,21.74,0.8,0.85,0.5,595,213,0.358,0.4358,lightgbm,85ca74c8fbe44e729b44c1584597ca85,2026-06-03,success,
2026-06-04 12:15:17,21.68,0.8,0.85,0.5,593,213,0.3592,0.4345,lightgbm,85ca74c8fbe44e729b44c1584597ca85,2026-06-03,success,
2026-06-04 12:30:17,22.02,0.8,0.85,0.5,593,204,0.344,0.4282,lightgbm,85ca74c8fbe44e729b44c1584597ca85,2026-06-03,success,
2026-06-04 12:45:17,21.71,0.8,0.85,0.5,593,204,0.344,0.4269,lightgbm,85ca74c8fbe44e729b44c1584597ca85,2026-06-03,success,
2026-06-04 13:00:17,22.72,0.8,0.85,0.5,589,203,0.3447,0.4271,lightgbm,85ca74c8fbe44e729b44c1584597ca85,2026-06-03,success,
2026-06-04 13:15:17,21.57,0.8,0.85,0.5,589,202,0.343,0.4241,lightgbm,85ca74c8fbe44e729b44c1584597ca85,2026-06-03,success,
2026-06-04 13:30:18,21.92,0.8,0.85,0.5,613,220,0.3589,0.4305,lightgbm,85ca74c8fbe44e729b44c1584597ca85,2026-06-03,success,
2026-06-04 13:45:17,22.09,0.8,0.85,0.5,613,215,0.3507,0.4262,lightgbm,85ca74c8fbe44e729b44c1584597ca85,2026-06-03,success,
2026-06-04 14:00:19,21.97,0.8,0.85,0.5,615,216,0.3512,0.4274,lightgbm,85ca74c8fbe44e729b44c1584597ca85,2026-06-03,success,
2026-06-04 14:15:17,24.11,0.8,0.85,0.5,615,216,0.3512,0.4265,lightgbm,85ca74c8fbe44e729b44c1584597ca85,2026-06-03,success,
2026-06-04 14:30:18,21.94,0.8,0.85,0.5,617,216,0.3501,0.4241,lightgbm,85ca74c8fbe44e729b44c1584597ca85,2026-06-03,success,
2026-06-04 14:45:18,21.85,0.8,0.85,0.5,617,214,0.3468,0.4226,lightgbm,85ca74c8fbe44e729b44c1584597ca85,2026-06-03,success,
2026-06-04 15:00:18,22.13,0.8,0.85,0.5,625,233,0.3728,0.4312,lightgbm,85ca74c8fbe44e729b44c1584597ca85,2026-06-03,success,
2026-06-04 15:15:18,22.43,0.8,0.85,0.5,625,227,0.3632,0.4267,lightgbm,85ca74c8fbe44e729b44c1584597ca85,2026-06-03,success,
2026-06-04 15:30:18,22.34,0.8,0.85,0.5,626,222,0.3546,0.4213,lightgbm,85ca74c8fbe44e729b44c1584597ca85,2026-06-03,success,
2026-06-04 15:45:18,24.04,0.8,0.85,0.5,625,225,0.36,0.4235,lightgbm,85ca74c8fbe44e729b44c1584597ca85,2026-06-03,success,
2026-06-04 16:00:17,22.0,0.8,0.85,0.5,625,220,0.352,0.4171,lightgbm,85ca74c8fbe44e729b44c1584597ca85,2026-06-03,success,
2026-06-04 16:15:18,22.08,0.8,0.85,0.5,617,216,0.3501,0.4099,lightgbm,85ca74c8fbe44e729b44c1584597ca85,2026-06-03,success,
2026-06-04 16:30:17,21.87,0.8,0.85,0.5,617,211,0.342,0.4045,lightgbm,85ca74c8fbe44e729b44c1584597ca85,2026-06-03,success,
2026-06-04 16:45:18,22.21,0.8,0.85,0.5,595,200,0.3361,0.4047,lightgbm,85ca74c8fbe44e729b44c1584597ca85,2026-06-03,success,
2026-06-04 17:00:17,23.82,0.8,0.85,0.5,595,198,0.3328,0.3998,lightgbm,85ca74c8fbe44e729b44c1584597ca85,2026-06-03,success,
2026-06-04 17:15:18,22.22,0.8,0.85,0.5,609,208,0.3415,0.4048,lightgbm,85ca74c8fbe44e729b44c1584597ca85,2026-06-03,success,
2026-06-04 17:30:17,21.81,0.8,0.85,0.5,609,205,0.3366,0.3972,lightgbm,85ca74c8fbe44e729b44c1584597ca85,2026-06-03,success,
2026-06-04 17:45:18,22.16,0.8,0.85,0.5,644,234,0.3634,0.4098,lightgbm,85ca74c8fbe44e729b44c1584597ca85,2026-06-03,success,
2026-06-04 18:00:17,22.14,0.8,0.85,0.5,644,233,0.3618,0.4044,lightgbm,85ca74c8fbe44e729b44c1584597ca85,2026-06-03,success,
2026-06-04 18:15:17,22.23,0.8,0.85,0.5,635,228,0.3591,0.4031,lightgbm,85ca74c8fbe44e729b44c1584597ca85,2026-06-03,success,
2026-06-04 18:30:17,22.25,0.8,0.85,0.5,637,223,0.3501,0.3957,lightgbm,85ca74c8fbe44e729b44c1584597ca85,2026-06-03,success,
2026-06-04 18:45:18,22.08,0.8,0.85,0.5,637,216,0.3391,0.3851,lightgbm,85ca74c8fbe44e729b44c1584597ca85,2026-06-03,success,
2026-06-04 19:00:17,21.9,0.8,0.85,0.5,637,212,0.3328,0.3808,lightgbm,85ca74c8fbe44e729b44c1584597ca85,2026-06-03,success,
2026-06-04 19:15:17,22.14,0.8,0.85,0.5,633,210,0.3318,0.3832,lightgbm,85ca74c8fbe44e729b44c1584597ca85,2026-06-03,success,
2026-06-04 19:30:17,22.32,0.8,0.85,0.5,633,200,0.316,0.3723,lightgbm,85ca74c8fbe44e729b44c1584597ca85,2026-06-03,success,
2026-06-04 19:45:18,22.77,0.8,0.85,0.5,621,191,0.3076,0.3705,lightgbm,85ca74c8fbe44e729b44c1584597ca85,2026-06-03,success,
2026-06-04 20:00:17,22.03,0.8,0.85,0.5,621,190,0.306,0.3689,lightgbm,85ca74c8fbe44e729b44c1584597ca85,2026-06-03,success,
2026-06-04 20:15:18,22.18,0.8,0.85,0.5,603,187,0.3101,0.3785,lightgbm,85ca74c8fbe44e729b44c1584597ca85,2026-06-03,success,
2026-06-04 20:30:17,22.69,0.8,0.85,0.5,603,186,0.3085,0.3771,lightgbm,85ca74c8fbe44e729b44c1584597ca85,2026-06-03,success,
2026-06-04 20:45:17,21.83,0.8,0.85,0.5,613,187,0.3051,0.3743,lightgbm,85ca74c8fbe44e729b44c1584597ca85,2026-06-03,success,
2026-06-04 21:00:17,21.65,0.8,0.85,0.5,613,184,0.3002,0.369,lightgbm,85ca74c8fbe44e729b44c1584597ca85,2026-06-03,success,
2026-06-04 21:15:17,21.69,0.8,0.85,0.5,612,185,0.3023,0.3661,lightgbm,85ca74c8fbe44e729b44c1584597ca85,2026-06-03,success,
2026-06-04 21:30:20,36.27,0.8,0.85,0.5,598,175,0.2926,0.3628,lightgbm,85ca74c8fbe44e729b44c1584597ca85,2026-06-03,success,
2026-06-04 21:45:30,43.16,0.8,0.85,0.5,598,173,0.2893,0.3588,lightgbm,85ca74c8fbe44e729b44c1584597ca85,2026-06-03,success,
2026-06-04 22:00:30,44.51,0.8,0.85,0.5,589,169,0.2869,0.3559,lightgbm,85ca74c8fbe44e729b44c1584597ca85,2026-06-03,success,
2026-06-04 22:15:31,49.95,0.8,0.85,0.5,589,168,0.2852,0.3552,lightgbm,85ca74c8fbe44e729b44c1584597ca85,2026-06-03,success,
2026-06-04 22:30:27,44.01,0.8,0.85,0.5,581,167,0.2874,0.3567,lightgbm,85ca74c8fbe44e729b44c1584597ca85,2026-06-03,success,
2026-06-04 22:45:30,44.0,0.8,0.85,0.5,581,161,0.2771,0.3499,lightgbm,85ca74c8fbe44e729b44c1584597ca85,2026-06-03,success,
2026-06-04 23:00:30,43.17,0.8,0.85,0.5,574,162,0.2822,0.3531,lightgbm,85ca74c8fbe44e729b44c1584597ca85,2026-06-03,success,
2026-06-04 23:15:30,42.25,0.8,0.85,0.5,574,161,0.2805,0.3523,lightgbm,85ca74c8fbe44e729b44c1584597ca85,2026-06-03,success,
2026-06-04 23:30:30,45.63,0.8,0.85,0.5,573,159,0.2775,0.3491,lightgbm,85ca74c8fbe44e729b44c1584597ca85,2026-06-03,success,
2026-06-04 23:45:26,36.64,0.8,0.85,0.5,573,158,0.2757,0.3471,lightgbm,85ca74c8fbe44e729b44c1584597ca85,2026-06-03,success,
2026-06-05 00:00:24,29.54,0.8,0.85,0.5,569,198,0.348,0.4116,lightgbm,85ca74c8fbe44e729b44c1584597ca85,2026-06-03,success,
2026-06-05 06:00:18,22.95,0.8,0.85,0.5,521,186,0.357,0.4202,lightgbm,06e879c3155244a7b7a9873d1667b0f2,2026-06-05,success,
2026-06-05 06:15:17,22.18,0.8,0.85,0.5,521,182,0.3493,0.4105,lightgbm,06e879c3155244a7b7a9873d1667b0f2,2026-06-05,success,
2026-06-05 06:30:18,23.23,0.8,0.85,0.5,521,182,0.3493,0.4097,lightgbm,06e879c3155244a7b7a9873d1667b0f2,2026-06-05,success,
2026-06-05 06:45:18,22.53,0.8,0.85,0.5,521,182,0.3493,0.4091,lightgbm,06e879c3155244a7b7a9873d1667b0f2,2026-06-05,success,
2026-06-05 07:00:18,22.54,0.8,0.85,0.5,521,182,0.3493,0.4088,lightgbm,06e879c3155244a7b7a9873d1667b0f2,2026-06-05,success,
2026-06-05 07:15:17,22.65,0.8,0.85,0.5,521,181,0.3474,0.4081,lightgbm,06e879c3155244a7b7a9873d1667b0f2,2026-06-05,success,
2026-06-05 07:30:17,22.24,0.8,0.85,0.5,520,181,0.3481,0.4082,lightgbm,06e879c3155244a7b7a9873d1667b0f2,2026-06-05,success,
2026-06-05 07:45:17,22.33,0.8,0.85,0.5,520,180,0.3462,0.4076,lightgbm,06e879c3155244a7b7a9873d1667b0f2,2026-06-05,success,
2026-06-05 08:00:17,22.79,0.8,0.85,0.5,536,191,0.3563,0.4133,lightgbm,06e879c3155244a7b7a9873d1667b0f2,2026-06-05,success,
2026-06-05 08:15:17,22.21,0.8,0.85,0.5,545,200,0.367,0.416,lightgbm,06e879c3155244a7b7a9873d1667b0f2,2026-06-05,success,
2026-06-05 08:30:18,22.19,0.8,0.85,0.5,545,200,0.367,0.4154,lightgbm,06e879c3155244a7b7a9873d1667b0f2,2026-06-05,success,
2026-06-05 08:45:17,22.6,0.8,0.85,0.5,545,200,0.367,0.4148,lightgbm,06e879c3155244a7b7a9873d1667b0f2,2026-06-05,success,
2026-06-05 09:00:18,22.34,0.8,0.85,0.5,568,214,0.3768,0.4209,lightgbm,06e879c3155244a7b7a9873d1667b0f2,2026-06-05,success,
2026-06-05 09:15:18,22.74,0.8,0.85,0.5,568,214,0.3768,0.4199,lightgbm,06e879c3155244a7b7a9873d1667b0f2,2026-06-05,success,
2026-06-05 09:30:17,22.95,0.8,0.85,0.5,568,212,0.3732,0.4192,lightgbm,06e879c3155244a7b7a9873d1667b0f2,2026-06-05,success,
2026-06-05 09:45:18,23.01,0.8,0.85,0.5,579,219,0.3782,0.4221,lightgbm,06e879c3155244a7b7a9873d1667b0f2,2026-06-05,success,
2026-06-05 10:00:17,22.06,0.8,0.85,0.5,579,220,0.38,0.4211,lightgbm,06e879c3155244a7b7a9873d1667b0f2,2026-06-05,success,
2026-06-05 10:15:19,22.62,0.8,0.85,0.5,591,231,0.3909,0.4271,lightgbm,06e879c3155244a7b7a9873d1667b0f2,2026-06-05,success,
2026-06-05 10:30:17,22.85,0.8,0.85,0.5,591,231,0.3909,0.4259,lightgbm,06e879c3155244a7b7a9873d1667b0f2,2026-06-05,success,
2026-06-05 10:45:18,22.21,0.8,0.85,0.5,607,244,0.402,0.4332,lightgbm,06e879c3155244a7b7a9873d1667b0f2,2026-06-05,success,
2026-06-05 11:00:18,22.78,0.8,0.85,0.5,607,243,0.4003,0.4319,lightgbm,06e879c3155244a7b7a9873d1667b0f2,2026-06-05,success,
2026-06-05 11:15:18,26.08,0.8,0.85,0.5,593,233,0.3929,0.4316,lightgbm,06e879c3155244a7b7a9873d1667b0f2,2026-06-05,success,
2026-06-05 11:30:18,24.0,0.8,0.85,0.5,593,232,0.3912,0.4304,lightgbm,06e879c3155244a7b7a9873d1667b0f2,2026-06-05,success,
2026-06-05 11:45:20,24.33,0.8,0.85,0.5,595,236,0.3966,0.4342,lightgbm,06e879c3155244a7b7a9873d1667b0f2,2026-06-05,success,
2026-06-05 12:00:19,25.65,0.8,0.85,0.5,595,233,0.3916,0.4332,lightgbm,06e879c3155244a7b7a9873d1667b0f2,2026-06-05,success,
2026-06-05 12:15:18,24.02,0.8,0.85,0.5,586,237,0.4044,0.4368,lightgbm,06e879c3155244a7b7a9873d1667b0f2,2026-06-05,success,
2026-06-05 12:30:18,23.04,0.8,0.85,0.5,586,237,0.4044,0.4349,lightgbm,06e879c3155244a7b7a9873d1667b0f2,2026-06-05,success,
2026-06-05 12:45:18,22.68,0.8,0.85,0.5,586,239,0.4078,0.4372,lightgbm,06e879c3155244a7b7a9873d1667b0f2,2026-06-05,success,
2026-06-05 13:00:17,22.54,0.8,0.85,0.5,586,239,0.4078,0.4361,lightgbm,06e879c3155244a7b7a9873d1667b0f2,2026-06-05,success,
2026-06-05 13:15:18,22.86,0.8,0.85,0.5,576,233,0.4045,0.4361,lightgbm,06e879c3155244a7b7a9873d1667b0f2,2026-06-05,success,
2026-06-05 13:30:17,22.57,0.8,0.85,0.5,576,231,0.401,0.4339,lightgbm,06e879c3155244a7b7a9873d1667b0f2,2026-06-05,success,
2026-06-05 13:45:18,22.39,0.8,0.85,0.5,571,226,0.3958,0.4359,lightgbm,06e879c3155244a7b7a9873d1667b0f2,2026-06-05,success,
2026-06-05 14:00:18,22.64,0.8,0.85,0.5,571,225,0.394,0.4341,lightgbm,06e879c3155244a7b7a9873d1667b0f2,2026-06-05,success,
2026-06-05 14:15:18,22.71,0.8,0.85,0.5,560,192,0.3429,0.4179,lightgbm,06e879c3155244a7b7a9873d1667b0f2,2026-06-05,success,
2026-06-05 14:30:17,22.97,0.8,0.85,0.5,560,189,0.3375,0.415,lightgbm,06e879c3155244a7b7a9873d1667b0f2,2026-06-05,success,
2026-06-05 14:45:17,22.99,0.8,0.85,0.5,553,192,0.3472,0.4158,lightgbm,06e879c3155244a7b7a9873d1667b0f2,2026-06-05,success,
2026-06-05 15:00:18,22.94,0.8,0.85,0.5,539,187,0.3469,0.4175,lightgbm,06e879c3155244a7b7a9873d1667b0f2,2026-06-05,success,
2026-06-05 15:15:18,23.26,0.8,0.85,0.5,539,186,0.3451,0.4155,lightgbm,06e879c3155244a7b7a9873d1667b0f2,2026-06-05,success,
2026-06-05 15:30:17,22.81,0.8,0.85,0.5,544,211,0.3879,0.4267,lightgbm,06e879c3155244a7b7a9873d1667b0f2,2026-06-05,success,
2026-06-05 15:45:17,24.42,0.8,0.85,0.5,544,210,0.386,0.4249,lightgbm,06e879c3155244a7b7a9873d1667b0f2,2026-06-05,success,
2026-06-05 16:00:17,22.6,0.8,0.85,0.5,535,204,0.3813,0.4233,lightgbm,06e879c3155244a7b7a9873d1667b0f2,2026-06-05,success,
2026-06-05 16:15:17,23.04,0.8,0.85,0.5,535,203,0.3794,0.4215,lightgbm,06e879c3155244a7b7a9873d1667b0f2,2026-06-05,success,
2026-06-05 16:30:18,22.65,0.8,0.85,0.5,530,205,0.3868,0.4315,lightgbm,06e879c3155244a7b7a9873d1667b0f2,2026-06-05,success,
2026-06-05 16:45:18,22.88,0.8,0.85,0.5,530,205,0.3868,0.4295,lightgbm,06e879c3155244a7b7a9873d1667b0f2,2026-06-05,success,
2026-06-05 17:00:17,22.54,0.8,0.85,0.5,515,196,0.3806,0.4228,lightgbm,06e879c3155244a7b7a9873d1667b0f2,2026-06-05,success,
2026-06-05 17:15:18,22.89,0.8,0.85,0.5,510,192,0.3765,0.4176,lightgbm,06e879c3155244a7b7a9873d1667b0f2,2026-06-05,success,
2026-06-05 17:30:17,22.58,0.8,0.85,0.5,510,191,0.3745,0.4146,lightgbm,06e879c3155244a7b7a9873d1667b0f2,2026-06-05,success,
2026-06-05 17:45:17,22.94,0.8,0.85,0.5,483,183,0.3789,0.4182,lightgbm,06e879c3155244a7b7a9873d1667b0f2,2026-06-05,success,
2026-06-05 18:00:18,23.32,0.8,0.85,0.5,483,182,0.3768,0.4162,lightgbm,06e879c3155244a7b7a9873d1667b0f2,2026-06-05,success,
2026-06-05 18:15:17,23.18,0.8,0.85,0.5,473,181,0.3827,0.4235,lightgbm,06e879c3155244a7b7a9873d1667b0f2,2026-06-05,success,
2026-06-05 18:30:17,22.85,0.8,0.85,0.5,473,180,0.3805,0.4224,lightgbm,06e879c3155244a7b7a9873d1667b0f2,2026-06-05,success,
2026-06-05 18:45:18,22.67,0.8,0.85,0.5,457,171,0.3742,0.4191,lightgbm,06e879c3155244a7b7a9873d1667b0f2,2026-06-05,success,
2026-06-05 19:00:18,22.98,0.8,0.85,0.5,446,170,0.3812,0.4221,lightgbm,06e879c3155244a7b7a9873d1667b0f2,2026-06-05,success,
2026-06-05 19:15:17,23.1,0.8,0.85,0.5,446,170,0.3812,0.422,lightgbm,06e879c3155244a7b7a9873d1667b0f2,2026-06-05,success,
2026-06-05 19:30:18,23.09,0.8,0.85,0.5,417,162,0.3885,0.4279,lightgbm,06e879c3155244a7b7a9873d1667b0f2,2026-06-05,success,
2026-06-05 19:45:18,22.52,0.8,0.85,0.5,417,161,0.3861,0.4251,lightgbm,06e879c3155244a7b7a9873d1667b0f2,2026-06-05,success,
2026-06-05 20:00:17,22.51,0.8,0.85,0.5,382,154,0.4031,0.4361,lightgbm,06e879c3155244a7b7a9873d1667b0f2,2026-06-05,success,
2026-06-05 20:15:17,23.36,0.8,0.85,0.5,382,153,0.4005,0.4356,lightgbm,06e879c3155244a7b7a9873d1667b0f2,2026-06-05,success,
2026-06-05 20:30:18,23.33,0.8,0.85,0.5,364,146,0.4011,0.4415,lightgbm,06e879c3155244a7b7a9873d1667b0f2,2026-06-05,success,
2026-06-05 20:45:17,23.2,0.8,0.85,0.5,364,146,0.4011,0.44,lightgbm,06e879c3155244a7b7a9873d1667b0f2,2026-06-05,success,
2026-06-05 21:00:18,22.6,0.8,0.85,0.5,361,149,0.4127,0.4467,lightgbm,06e879c3155244a7b7a9873d1667b0f2,2026-06-05,success,
2026-06-05 21:15:18,23.37,0.8,0.85,0.5,361,149,0.4127,0.4459,lightgbm,06e879c3155244a7b7a9873d1667b0f2,2026-06-05,success,
2026-06-05 21:30:18,24.03,0.8,0.85,0.5,339,143,0.4218,0.4545,lightgbm,06e879c3155244a7b7a9873d1667b0f2,2026-06-05,success,
2026-06-05 21:45:18,23.25,0.8,0.85,0.5,325,140,0.4308,0.4607,lightgbm,06e879c3155244a7b7a9873d1667b0f2,2026-06-05,success,
2026-06-05 22:00:18,24.07,0.8,0.85,0.5,325,138,0.4246,0.4594,lightgbm,06e879c3155244a7b7a9873d1667b0f2,2026-06-05,success,
2026-06-05 22:15:18,22.9,0.8,0.85,0.5,315,135,0.4286,0.4675,lightgbm,06e879c3155244a7b7a9873d1667b0f2,2026-06-05,success,
2026-06-05 22:30:18,22.85,0.8,0.85,0.5,315,134,0.4254,0.4668,lightgbm,06e879c3155244a7b7a9873d1667b0f2,2026-06-05,success,
2026-06-05 22:45:18,22.65,0.8,0.85,0.5,315,133,0.4222,0.466,lightgbm,06e879c3155244a7b7a9873d1667b0f2,2026-06-05,success,
2026-06-05 23:00:18,23.04,0.8,0.85,0.5,271,114,0.4207,0.4726,lightgbm,06e879c3155244a7b7a9873d1667b0f2,2026-06-05,success,
2026-06-05 23:15:18,22.76,0.8,0.85,0.5,271,114,0.4207,0.4716,lightgbm,06e879c3155244a7b7a9873d1667b0f2,2026-06-05,success,
2026-06-05 23:30:17,23.09,0.8,0.85,0.5,251,106,0.4223,0.4748,lightgbm,06e879c3155244a7b7a9873d1667b0f2,2026-06-05,success,
2026-06-05 23:45:19,23.85,0.8,0.85,0.5,245,102,0.4163,0.4732,lightgbm,06e879c3155244a7b7a9873d1667b0f2,2026-06-05,success,
2026-06-06 00:00:18,23.78,0.8,0.85,0.5,245,105,0.4286,0.471,lightgbm,06e879c3155244a7b7a9873d1667b0f2,2026-06-05,success,
2026-06-06 06:00:19,22.98,0.8,0.85,0.5,199,93,0.4673,0.5068,lightgbm,06e879c3155244a7b7a9873d1667b0f2,2026-06-05,success,
2026-06-06 06:15:17,22.65,0.8,0.85,0.5,199,93,0.4673,0.5065,lightgbm,06e879c3155244a7b7a9873d1667b0f2,2026-06-05,success,
2026-06-06 06:30:18,22.96,0.8,0.85,0.5,199,92,0.4623,0.5061,lightgbm,06e879c3155244a7b7a9873d1667b0f2,2026-06-05,success,
2026-06-06 06:45:18,22.6,0.8,0.85,0.5,199,91,0.4573,0.5057,lightgbm,06e879c3155244a7b7a9873d1667b0f2,2026-06-05,success,
2026-06-06 07:00:19,22.47,0.8,0.85,0.5,202,92,0.4554,0.5069,lightgbm,06e879c3155244a7b7a9873d1667b0f2,2026-06-05,success,
2026-06-06 07:15:18,22.95,0.8,0.85,0.5,202,92,0.4554,0.506,lightgbm,06e879c3155244a7b7a9873d1667b0f2,2026-06-05,success,
2026-06-06 07:30:18,22.74,0.8,0.85,0.5,202,92,0.4554,0.5056,lightgbm,06e879c3155244a7b7a9873d1667b0f2,2026-06-05,success,
2026-06-06 07:45:18,22.83,0.8,0.85,0.5,205,94,0.4585,0.5083,lightgbm,06e879c3155244a7b7a9873d1667b0f2,2026-06-05,success,
2026-06-06 08:00:18,22.95,0.8,0.85,0.5,216,98,0.4537,0.501,lightgbm,06e879c3155244a7b7a9873d1667b0f2,2026-06-05,success,
2026-06-06 08:15:18,24.6,0.8,0.85,0.5,216,98,0.4537,0.5007,lightgbm,06e879c3155244a7b7a9873d1667b0f2,2026-06-05,success,
2026-06-06 08:30:17,23.34,0.8,0.85,0.5,215,97,0.4512,0.4987,lightgbm,06e879c3155244a7b7a9873d1667b0f2,2026-06-05,success,
2026-06-06 08:45:17,22.77,0.8,0.85,0.5,215,97,0.4512,0.4977,lightgbm,06e879c3155244a7b7a9873d1667b0f2,2026-06-05,success,
2026-06-06 09:00:17,22.76,0.8,0.85,0.5,224,100,0.4464,0.4889,lightgbm,06e879c3155244a7b7a9873d1667b0f2,2026-06-05,success,
2026-06-06 09:15:18,22.71,0.8,0.85,0.5,224,99,0.442,0.4882,lightgbm,06e879c3155244a7b7a9873d1667b0f2,2026-06-05,success,
2026-06-06 09:30:19,22.86,0.8,0.85,0.5,244,110,0.4508,0.4948,lightgbm,06e879c3155244a7b7a9873d1667b0f2,2026-06-05,success,
2026-06-06 09:45:18,22.76,0.8,0.85,0.5,244,111,0.4549,0.494,lightgbm,06e879c3155244a7b7a9873d1667b0f2,2026-06-05,success,
2026-06-06 10:00:18,22.8,0.8,0.85,0.5,244,110,0.4508,0.4944,lightgbm,06e879c3155244a7b7a9873d1667b0f2,2026-06-05,success,
